side_a_device,side_a_type,side_a_name,side_b_device,side_b_type,side_b_name,type,tenant,length,length_unit,status
HUL107D/D13,dcim.rearport,B,HUL107D/D14,dcim.rearport,A,smf-os2,MS3,,m,connected
HUL107D/D13,dcim.rearport,C,HUL107D/D15,dcim.rearport,A,smf-os2,MS3,,m,connected
HUL107D/D13,dcim.rearport,D,HUL107D/D16,dcim.rearport,A,smf-os2,MS3,,m,connected
HUL107D/D13,dcim.rearport,E,HUL107D/D17,dcim.rearport,A,smf-os2,MS3,,m,connected
HUL107D/D13,dcim.rearport,F,HUL107D/D18,dcim.rearport,A,smf-os2,MS3,,m,connected