side_a_device,side_a_type,side_a_name,side_b_device,side_b_type,side_b_name,type,tenant,length,length_unit,status
HUL104A/D03,dcim.frontport,01/01,HUL104A/D03,dcim.frontport,a1,smf-os2,MS3,1,m,connected
HUL104A/D03,dcim.frontport,01/02,HUL104A/D03,dcim.frontport,a4,smf-os2,MS3,1,m,connected
HUL104A/D03,dcim.frontport,01/03,HUL104A/D03,dcim.frontport,a5,smf-os2,MS3,1,m,connected
HUL104A/D03,dcim.frontport,01/04,HUL104A/D03,dcim.frontport,a6,smf-os2,MS3,1,m,connected
HUL104A/D03,dcim.frontport,02/01,HUL104A/D03,dcim.frontport,a7,smf-os2,MS3,1,m,connected
HUL104A/D03,dcim.frontport,02/02,HUL104A/D03,dcim.frontport,a8,smf-os2,MS3,1,m,connected
HUL104A/D03,dcim.frontport,02/03,HUL104A/D03,dcim.frontport,a10,smf-os2,MS3,1,m,connected
HUL104A/D03,dcim.frontport,02/04,HUL104A/D03,dcim.frontport,a11,smf-os2,MS3,1,m,connected
HUL104A/D03,dcim.frontport,03/01,HUL104A/D03,dcim.frontport,a13,smf-os2,MS3,1,m,connected
HUL104A/D03,dcim.frontport,03/02,HUL104A/D03,dcim.frontport,a14,smf-os2,MS3,1,m,connected
HUL104A/D03,dcim.frontport,03/03,HUL104A/D03,dcim.frontport,a16,smf-os2,MS3,1,m,connected
HUL104A/D03,dcim.frontport,03/04,HUL104A/D03,dcim.frontport,a17,smf-os2,MS3,1,m,connected
HUL104A/D03,dcim.frontport,04/01,HUL104A/D03,dcim.frontport,a19,smf-os2,MS3,1,m,connected
HUL104A/D03,dcim.frontport,04/02,HUL104A/D03,dcim.frontport,a20,smf-os2,MS3,1,m,connected
HUL104A/D03,dcim.frontport,04/03,HUL104A/D03,dcim.frontport,a21,smf-os2,MS3,1,m,connected
HUL104A/D03,dcim.frontport,04/04,HUL104A/D03,dcim.frontport,a22,smf-os2,MS3,1,m,connected
HUL104A/D03,dcim.frontport,05/01,HUL104A/D03,dcim.frontport,a23,smf-os2,MS3,1,m,connected
HUL104A/D03,dcim.frontport,05/02,HUL104A/D03,dcim.frontport,a25,smf-os2,MS3,1,m,connected
HUL104A/D03,dcim.frontport,05/03,HUL104A/D03,dcim.frontport,a26,smf-os2,MS3,1,m,connected
HUL104A/D03,dcim.frontport,05/04,HUL104A/D03,dcim.frontport,a27,smf-os2,MS3,1,m,connected
HUL104A/D03,dcim.frontport,07/01,HUL104A/D03,dcim.frontport,a34,smf-os2,MS3,1,m,connected
HUL104A/D03,dcim.frontport,07/02,HUL104A/D03,dcim.frontport,a35,smf-os2,MS3,1,m,connected
HUL104A/D03,dcim.frontport,07/03,HUL104A/D03,dcim.frontport,a37,smf-os2,MS3,1,m,connected
HUL104A/D03,dcim.frontport,07/04,HUL104A/D03,dcim.frontport,a38,smf-os2,MS3,1,m,connected
HUL104A/D03,dcim.frontport,08/01,HUL104A/D03,dcim.frontport,a41,smf-os2,MS3,1,m,connected
HUL104A/D03,dcim.frontport,08/02,HUL104A/D03,dcim.frontport,a42,smf-os2,MS3,1,m,connected
HUL104A/D03,dcim.frontport,08/03,HUL104A/D03,dcim.frontport,a43,smf-os2,MS3,1,m,connected
HUL104A/D03,dcim.frontport,08/04,HUL104A/D03,dcim.frontport,a46,smf-os2,MS3,1,m,connected
HUL104A/D03,dcim.frontport,09/01,HUL104A/D03,dcim.frontport,a47,smf-os2,MS3,1,m,connected
HUL104A/D03,dcim.frontport,09/02,HUL104A/D03,dcim.frontport,a48,smf-os2,MS3,1,m,connected
HUL104A/D03,dcim.frontport,09/03,HUL104A/D03,dcim.frontport,a49,smf-os2,MS3,1,m,connected
HUL104A/D03,dcim.frontport,09/04,HUL104A/D03,dcim.frontport,a50,smf-os2,MS3,1,m,connected
HUL104A/D03,dcim.frontport,10/01,HUL104A/D03,dcim.frontport,a52,smf-os2,MS3,1,m,connected
HUL104A/D03,dcim.frontport,10/02,HUL104A/D03,dcim.frontport,a53,smf-os2,MS3,1,m,connected
HUL104A/D03,dcim.frontport,10/03,HUL104A/D03,dcim.frontport,a55,smf-os2,MS3,1,m,connected
HUL104A/D03,dcim.frontport,10/04,HUL104A/D03,dcim.frontport,a56,smf-os2,MS3,1,m,connected
HUL104A/D03,dcim.frontport,11/01,HUL104A/D03,dcim.frontport,a57,smf-os2,MS3,1,m,connected
HUL104A/D03,dcim.frontport,11/02,HUL104A/D03,dcim.frontport,a58,smf-os2,MS3,1,m,connected
HUL104A/D03,dcim.frontport,11/03,HUL104A/D03,dcim.frontport,a61,smf-os2,MS3,1,m,connected
HUL104A/D03,dcim.frontport,11/04,HUL104A/D03,dcim.frontport,a64,smf-os2,MS3,1,m,connected
HUL104A/D03,dcim.frontport,12/01,HUL104A/D03,dcim.frontport,a65,smf-os2,MS3,1,m,connected
HUL104A/D03,dcim.frontport,12/02,HUL104A/D03,dcim.frontport,a67,smf-os2,MS3,1,m,connected
HUL104A/D03,dcim.frontport,12/03,HUL104A/D03,dcim.frontport,a70,smf-os2,MS3,1,m,connected
HUL104A/D03,dcim.frontport,12/04,HUL104A/D03,dcim.frontport,a71,smf-os2,MS3,1,m,connected
HUL104A/D03,dcim.frontport,13/01,HUL104A/D03,dcim.frontport,a73,smf-os2,MS3,1,m,connected
HUL104A/D03,dcim.frontport,13/02,HUL104A/D03,dcim.frontport,a74,smf-os2,MS3,1,m,connected
HUL104A/D03,dcim.frontport,13/03,HUL104A/D03,dcim.frontport,a76,smf-os2,MS3,1,m,connected
HUL104A/D03,dcim.frontport,13/04,HUL104A/D03,dcim.frontport,a79,smf-os2,MS3,1,m,connected
HUL104A/D03,dcim.frontport,14/01,HUL104A/D03,dcim.frontport,a80,smf-os2,MS3,1,m,connected
HUL104A/D03,dcim.frontport,14/02,HUL104A/D03,dcim.frontport,a81,smf-os2,MS3,1,m,connected
HUL104A/D03,dcim.frontport,14/03,HUL104A/D03,dcim.frontport,b1,smf-os2,MS3,1,m,connected
HUL104A/D03,dcim.frontport,14/04,HUL104A/D03,dcim.frontport,b4,smf-os2,MS3,1,m,connected
HUL104A/D03,dcim.frontport,15/01,HUL104A/D03,dcim.frontport,b5,smf-os2,MS3,1,m,connected
HUL104A/D03,dcim.frontport,15/02,HUL104A/D03,dcim.frontport,b7,smf-os2,MS3,1,m,connected
HUL104A/D03,dcim.frontport,15/03,HUL104A/D03,dcim.frontport,b10,smf-os2,MS3,1,m,connected
HUL104A/D03,dcim.frontport,15/04,HUL104A/D03,dcim.frontport,b11,smf-os2,MS3,1,m,connected
HUL104A/D03,dcim.frontport,16/01,HUL104A/D03,dcim.frontport,b13,smf-os2,MS3,1,m,connected
HUL104A/D03,dcim.frontport,16/02,HUL104A/D03,dcim.frontport,b14,smf-os2,MS3,1,m,connected
HUL104A/D03,dcim.frontport,16/03,HUL104A/D03,dcim.frontport,c1,smf-os2,MS3,1,m,connected
HUL104A/D03,dcim.frontport,16/04,HUL104A/D03,dcim.frontport,c2,smf-os2,MS3,1,m,connected
HUL104A/D03,dcim.frontport,17/01,HUL104A/D03,dcim.frontport,c3,smf-os2,MS3,1,m,connected
HUL104A/D03,dcim.frontport,A1,HUL104A/D03,dcim.frontport,B1,smf-os2,MS3,0,m,connected
HUL104A/D03,dcim.frontport,A2,HUL104A/D03,dcim.frontport,B2,smf-os2,MS3,0,m,connected
HUL104A/D03,dcim.frontport,A3,HUL104A/D03,dcim.frontport,B3,smf-os2,MS3,0,m,connected
HUL104A/D03,dcim.frontport,A4,HUL104A/D03,dcim.frontport,B4,smf-os2,MS3,0,m,connected
HUL104A/D03,dcim.frontport,A5,HUL104A/D03,dcim.frontport,B5,smf-os2,MS3,0,m,connected
HUL104A/D03,dcim.frontport,A6,HUL104A/D03,dcim.frontport,B6,smf-os2,MS3,0,m,connected
HUL104A/D03,dcim.frontport,A7,HUL104A/D03,dcim.frontport,B7,smf-os2,MS3,0,m,connected
HUL104A/D03,dcim.frontport,A8,HUL104A/D03,dcim.frontport,B8,smf-os2,MS3,0,m,connected
HUL104A/D03,dcim.frontport,A9,HUL104A/D03,dcim.frontport,B9,smf-os2,MS3,0,m,connected
HUL104A/D03,dcim.frontport,A10,HUL104A/D03,dcim.frontport,B10,smf-os2,MS3,0,m,connected
HUL104A/D03,dcim.frontport,A11,HUL104A/D03,dcim.frontport,B11,smf-os2,MS3,0,m,connected
HUL104A/D03,dcim.frontport,A12,HUL104A/D03,dcim.frontport,B12,smf-os2,MS3,0,m,connected
HUL104A/D03,dcim.frontport,A13,HUL104A/D03,dcim.frontport,B13,smf-os2,MS3,0,m,connected
HUL104A/D03,dcim.frontport,A14,HUL104A/D03,dcim.frontport,B14,smf-os2,MS3,0,m,connected
HUL104A/D03,dcim.frontport,A15,HUL104A/D03,dcim.frontport,B15,smf-os2,MS3,0,m,connected
HUL104A/D03,dcim.frontport,A16,HUL104A/D03,dcim.frontport,B16,smf-os2,MS3,0,m,connected
HUL104A/D03,dcim.frontport,A17,HUL104A/D03,dcim.frontport,B17,smf-os2,MS3,0,m,connected
HUL104A/D03,dcim.frontport,A18,HUL104A/D03,dcim.frontport,B18,smf-os2,MS3,0,m,connected
HUL104A/D03,dcim.frontport,A19,HUL104A/D03,dcim.frontport,B19,smf-os2,MS3,0,m,connected
HUL104A/D03,dcim.frontport,A20,HUL104A/D03,dcim.frontport,B20,smf-os2,MS3,0,m,connected
HUL104A/D03,dcim.frontport,A21,HUL104A/D03,dcim.frontport,B21,smf-os2,MS3,0,m,connected
HUL104A/D03,dcim.frontport,A22,HUL104A/D03,dcim.frontport,B22,smf-os2,MS3,0,m,connected
HUL104A/D03,dcim.frontport,A23,HUL104A/D03,dcim.frontport,B23,smf-os2,MS3,0,m,connected
HUL104A/D03,dcim.frontport,A24,HUL104A/D03,dcim.frontport,B24,smf-os2,MS3,0,m,connected
HUL104A/D03,dcim.frontport,A49,HUL104A/D03,dcim.frontport,B49,smf-os2,MS3,0,m,connected
HUL104A/D03,dcim.frontport,A50,HUL104A/D03,dcim.frontport,B50,smf-os2,MS3,0,m,connected
HUL104A/D03,dcim.frontport,A51,HUL104A/D03,dcim.frontport,B51,smf-os2,MS3,0,m,connected
HUL104A/D03,dcim.frontport,A52,HUL104A/D03,dcim.frontport,B52,smf-os2,MS3,0,m,connected
HUL104A/D03,dcim.frontport,A53,HUL104A/D03,dcim.frontport,B53,smf-os2,MS3,0,m,connected
HUL104A/D03,dcim.frontport,A54,HUL104A/D03,dcim.frontport,B54,smf-os2,MS3,0,m,connected
HUL104A/D03,dcim.frontport,A55,HUL104A/D03,dcim.frontport,B55,smf-os2,MS3,0,m,connected
HUL104A/D03,dcim.frontport,A56,HUL104A/D03,dcim.frontport,B56,smf-os2,MS3,0,m,connected
HUL104A/D03,dcim.frontport,A57,HUL104A/D03,dcim.frontport,B57,smf-os2,MS3,0,m,connected
HUL104A/D03,dcim.frontport,A58,HUL104A/D03,dcim.frontport,B58,smf-os2,MS3,0,m,connected
HUL104A/D03,dcim.frontport,A59,HUL104A/D03,dcim.frontport,B59,smf-os2,MS3,0,m,connected
HUL104A/D03,dcim.frontport,A60,HUL104A/D03,dcim.frontport,B60,smf-os2,MS3,0,m,connected
HUL104A/D03,dcim.frontport,A61,HUL104A/D03,dcim.frontport,B61,smf-os2,MS3,0,m,connected
HUL104A/D03,dcim.frontport,A62,HUL104A/D03,dcim.frontport,B62,smf-os2,MS3,0,m,connected
HUL104A/D03,dcim.frontport,A63,HUL104A/D03,dcim.frontport,B63,smf-os2,MS3,0,m,connected
HUL104A/D03,dcim.frontport,A64,HUL104A/D03,dcim.frontport,B64,smf-os2,MS3,0,m,connected
HUL104A/D03,dcim.frontport,A65,HUL104A/D03,dcim.frontport,B65,smf-os2,MS3,0,m,connected
HUL104A/D03,dcim.frontport,A66,HUL104A/D03,dcim.frontport,B66,smf-os2,MS3,0,m,connected
HUL104A/D03,dcim.frontport,A67,HUL104A/D03,dcim.frontport,B67,smf-os2,MS3,0,m,connected
HUL104A/D03,dcim.frontport,A68,HUL104A/D03,dcim.frontport,B68,smf-os2,MS3,0,m,connected
HUL104A/D03,dcim.frontport,A69,HUL104A/D03,dcim.frontport,B69,smf-os2,MS3,0,m,connected
HUL104A/D03,dcim.frontport,A70,HUL104A/D03,dcim.frontport,B70,smf-os2,MS3,0,m,connected
HUL104A/D03,dcim.frontport,A71,HUL104A/D03,dcim.frontport,B71,smf-os2,MS3,0,m,connected
HUL104A/D03,dcim.frontport,A72,HUL104A/D03,dcim.frontport,B72,smf-os2,MS3,0,m,connected
HUL104A/D03,dcim.frontport,A73,HUL104A/D03,dcim.frontport,B73,smf-os2,MS3,0,m,connected
HUL104A/D03,dcim.frontport,A74,HUL104A/D03,dcim.frontport,B74,smf-os2,MS3,0,m,connected
HUL104A/D03,dcim.frontport,A75,HUL104A/D03,dcim.frontport,B75,smf-os2,MS3,0,m,connected
HUL104A/D03,dcim.frontport,A76,HUL104A/D03,dcim.frontport,B76,smf-os2,MS3,0,m,connected
HUL104A/D03,dcim.frontport,A77,HUL104A/D03,dcim.frontport,B77,smf-os2,MS3,0,m,connected
HUL104A/D03,dcim.frontport,A78,HUL104A/D03,dcim.frontport,B78,smf-os2,MS3,0,m,connected
HUL104A/D03,dcim.frontport,A79,HUL104A/D03,dcim.frontport,B79,smf-os2,MS3,0,m,connected
HUL104A/D03,dcim.frontport,A80,HUL104A/D03,dcim.frontport,B80,smf-os2,MS3,0,m,connected
HUL104A/D03,dcim.frontport,A81,HUL104A/D03,dcim.frontport,B81,smf-os2,MS3,0,m,connected
HUL104A/D03,dcim.frontport,A82,HUL104A/D03,dcim.frontport,B82,smf-os2,MS3,0,m,connected
HUL104A/D03,dcim.frontport,A83,HUL104A/D03,dcim.frontport,B83,smf-os2,MS3,0,m,connected
HUL104A/D03,dcim.frontport,A84,HUL104A/D03,dcim.frontport,B84,smf-os2,MS3,0,m,connected
HUL104A/D03,dcim.frontport,A85,HUL104A/D03,dcim.frontport,B85,smf-os2,MS3,0,m,connected
HUL104A/D03,dcim.frontport,A86,HUL104A/D03,dcim.frontport,B86,smf-os2,MS3,0,m,connected
HUL104A/D03,dcim.frontport,A87,HUL104A/D03,dcim.frontport,B87,smf-os2,MS3,0,m,connected
HUL104A/D03,dcim.frontport,A88,HUL104A/D03,dcim.frontport,B88,smf-os2,MS3,0,m,connected
HUL104A/D03,dcim.frontport,A89,HUL104A/D03,dcim.frontport,B89,smf-os2,MS3,0,m,connected
HUL104A/D03,dcim.frontport,A90,HUL104A/D03,dcim.frontport,B90,smf-os2,MS3,0,m,connected
HUL104A/D03,dcim.frontport,A91,HUL104A/D03,dcim.frontport,B91,smf-os2,MS3,0,m,connected
HUL104A/D03,dcim.frontport,A92,HUL104A/D03,dcim.frontport,B92,smf-os2,MS3,0,m,connected
HUL104A/D03,dcim.frontport,A93,HUL104A/D03,dcim.frontport,B93,smf-os2,MS3,0,m,connected
HUL104A/D03,dcim.frontport,A94,HUL104A/D03,dcim.frontport,B94,smf-os2,MS3,0,m,connected
HUL104A/D03,dcim.frontport,A95,HUL104A/D03,dcim.frontport,B95,smf-os2,MS3,0,m,connected
HUL104A/D03,dcim.frontport,A96,HUL104A/D03,dcim.frontport,B96,smf-os2,MS3,0,m,connected
HUL104A/D03,dcim.frontport,A25,HUL104A/D03,dcim.rearport,1,smf-os2,MS3,1,m,connected
HUL104A/D03,dcim.frontport,A26,HUL104A/D03,dcim.rearport,2,smf-os2,MS3,1,m,connected
HUL104A/D03,dcim.frontport,A27,HUL104A/D03,dcim.rearport,3,smf-os2,MS3,1,m,connected
HUL104A/D03,dcim.frontport,A28,HUL104A/D03,dcim.rearport,4,smf-os2,MS3,1,m,connected
HUL104A/D03,dcim.frontport,A29,HUL104A/D03,dcim.rearport,5,smf-os2,MS3,1,m,connected
HUL104A/D03,dcim.frontport,A30,HUL104A/D03,dcim.rearport,6,smf-os2,MS3,1,m,planned
HUL104A/D03,dcim.frontport,A31,HUL104A/D03,dcim.rearport,7,smf-os2,MS3,1,m,connected
HUL104A/D03,dcim.frontport,A32,HUL104A/D03,dcim.rearport,8,smf-os2,MS3,1,m,connected
HUL104A/D03,dcim.frontport,A33,HUL104A/D03,dcim.rearport,9,smf-os2,MS3,1,m,connected
HUL104A/D03,dcim.frontport,A34,HUL104A/D03,dcim.rearport,10,smf-os2,MS3,1,m,connected
HUL104A/D03,dcim.frontport,A35,HUL104A/D03,dcim.rearport,11,smf-os2,MS3,1,m,connected
HUL104A/D03,dcim.frontport,A36,HUL104A/D03,dcim.rearport,12,smf-os2,MS3,1,m,connected
HUL104A/D03,dcim.frontport,A37,HUL104A/D03,dcim.rearport,13,smf-os2,MS3,1,m,connected
HUL104A/D03,dcim.frontport,A38,HUL104A/D03,dcim.rearport,14,smf-os2,MS3,1,m,connected
HUL104A/D03,dcim.frontport,A39,HUL104A/D03,dcim.rearport,15,smf-os2,MS3,1,m,connected
HUL104A/D03,dcim.frontport,A40,HUL104A/D03,dcim.rearport,16,smf-os2,MS3,1,m,connected
HUL104A/D03,dcim.frontport,A41,HUL104A/D03,dcim.rearport,17,smf-os2,MS3,1,m,connected
HUL104A/D03,dcim.frontport,A42,HUL104A/D03,dcim.rearport,18,smf-os2,MS3,1,m,connected