side_a_device,side_a_type,side_a_name,side_b_device,side_b_type,side_b_name,type,tenant,length,length_unit,status
HUL104B/D07,dcim.frontport,A1,HUL104B/D07,dcim.rearport,1,smf-os2,MS3,1,m,connected
HUL104B/D07,dcim.frontport,A2,HUL104B/D07,dcim.rearport,2,smf-os2,MS3,1,m,connected
HUL104B/D07,dcim.frontport,A3,HUL104B/D07,dcim.rearport,3,smf-os2,MS3,1,m,connected
HUL104B/D07,dcim.frontport,A4,HUL104B/D07,dcim.rearport,4,smf-os2,MS3,1,m,planned
HUL104B/D07,dcim.frontport,A5,HUL104B/D07,dcim.rearport,5,smf-os2,MS3,1,m,planned
HUL104B/D07,dcim.frontport,A6,HUL104B/D07,dcim.rearport,6,smf-os2,MS3,1,m,planned
HUL104B/D07,dcim.frontport,A7,HUL104B/D07,dcim.rearport,7,smf-os2,MS3,1,m,planned
HUL104B/D07,dcim.frontport,01/01,HUL104B/D07,dcim.frontport,a1,smf-os2,MS3,1,m,connected
HUL104B/D07,dcim.frontport,01/02,HUL104B/D07,dcim.frontport,a4,smf-os2,MS3,1,m,connected
HUL104B/D07,dcim.frontport,01/03,HUL104B/D07,dcim.frontport,a7,smf-os2,MS3,1,m,connected
HUL104B/D07,dcim.frontport,01/04,HUL104B/D07,dcim.frontport,a10,smf-os2,MS3,1,m,connected
HUL104B/D07,dcim.frontport,02/01,HUL104B/D07,dcim.frontport,a13,smf-os2,MS3,1,m,connected
HUL104B/D07,dcim.frontport,02/02,HUL104B/D07,dcim.frontport,a16,smf-os2,MS3,1,m,connected
HUL104B/D07,dcim.frontport,02/03,HUL104B/D07,dcim.frontport,a19,smf-os2,MS3,1,m,connected
HUL104B/D07,dcim.frontport,02/04,HUL104B/D07,dcim.frontport,b1,smf-os2,MS3,1,m,connected
HUL104B/D07,dcim.frontport,03/01,HUL104B/D07,dcim.frontport,c1,smf-os2,MS3,1,m,connected
HUL104B/D07,dcim.frontport,03/02,HUL104B/D07,dcim.frontport,a2,smf-os2,MS3,1,m,planned
HUL104B/D07,dcim.frontport,03/03,HUL104B/D07,dcim.frontport,a5,smf-os2,MS3,1,m,planned
HUL104B/D07,dcim.frontport,03/04,HUL104B/D07,dcim.frontport,a8,smf-os2,MS3,1,m,planned
HUL104B/D07,dcim.frontport,04/01,HUL104B/D07,dcim.frontport,a11,smf-os2,MS3,1,m,planned
HUL104B/D07,dcim.frontport,04/02,HUL104B/D07,dcim.frontport,a14,smf-os2,MS3,1,m,planned
HUL104B/D07,dcim.frontport,04/03,HUL104B/D07,dcim.frontport,a17,smf-os2,MS3,1,m,planned
HUL104B/D07,dcim.frontport,04/04,HUL104B/D07,dcim.frontport,a20,smf-os2,MS3,1,m,planned
HUL104B/D07,dcim.frontport,05/01,HUL104B/D07,dcim.frontport,b2,smf-os2,MS3,1,m,planned
HUL104B/D07,dcim.frontport,05/02,HUL104B/D07,dcim.frontport,c2,smf-os2,MS3,1,m,planned
HUL104B/D07,dcim.frontport,05/03,HUL104B/D07,dcim.frontport,a3,smf-os2,MS3,1,m,planned
HUL104B/D07,dcim.frontport,05/04,HUL104B/D07,dcim.frontport,a6,smf-os2,MS3,1,m,planned
HUL104B/D07,dcim.frontport,06/01,HUL104B/D07,dcim.frontport,a9,smf-os2,MS3,1,m,planned
HUL104B/D07,dcim.frontport,06/02,HUL104B/D07,dcim.frontport,a12,smf-os2,MS3,1,m,planned
HUL104B/D07,dcim.frontport,06/03,HUL104B/D07,dcim.frontport,a15,smf-os2,MS3,1,m,planned
HUL104B/D07,dcim.frontport,06/04,HUL104B/D07,dcim.frontport,a18,smf-os2,MS3,1,m,planned
HUL104B/D07,dcim.frontport,07/01,HUL104B/D07,dcim.frontport,a21,smf-os2,MS3,1,m,planned
HUL104B/D07,dcim.frontport,07/02,HUL104B/D07,dcim.frontport,b3,smf-os2,MS3,1,m,planned
HUL104B/D07,dcim.frontport,07/03,HUL104B/D07,dcim.frontport,c3,smf-os2,MS3,1,m,planned