side_a_device,side_a_type,side_a_name,side_b_device,side_b_type,side_b_name,type,tenant,length,length_unit,status
HUL104B/D09,dcim.frontport,A1,HUL104B/D09,dcim.rearport,1,smf-os2,MS3,1,m,connected
HUL104B/D09,dcim.frontport,A2,HUL104B/D09,dcim.rearport,2,smf-os2,MS3,1,m,connected
HUL104B/D09,dcim.frontport,A3,HUL104B/D09,dcim.rearport,3,smf-os2,MS3,1,m,connected
HUL104B/D09,dcim.frontport,A4,HUL104B/D09,dcim.rearport,4,smf-os2,MS3,1,m,connected
HUL104B/D09,dcim.frontport,A5,HUL104B/D09,dcim.rearport,5,smf-os2,MS3,1,m,connected
HUL104B/D09,dcim.frontport,A6,HUL104B/D09,dcim.rearport,6,smf-os2,MS3,1,m,connected
HUL104B/D09,dcim.frontport,A7,HUL104B/D09,dcim.rearport,7,smf-os2,MS3,1,m,planned
HUL104B/D09,dcim.frontport,A8,HUL104B/D09,dcim.rearport,8,smf-os2,MS3,1,m,planned
HUL104B/D09,dcim.frontport,A9,HUL104B/D09,dcim.rearport,9,smf-os2,MS3,1,m,planned
HUL104B/D09,dcim.frontport,A10,HUL104B/D09,dcim.rearport,10,smf-os2,MS3,1,m,planned
HUL104B/D09,dcim.frontport,A11,HUL104B/D09,dcim.rearport,11,smf-os2,MS3,1,m,planned
HUL104B/D09,dcim.frontport,A12,HUL104B/D09,dcim.rearport,12,smf-os2,MS3,1,m,planned
HUL104B/D09,dcim.frontport,A13,HUL104B/D09,dcim.rearport,13,smf-os2,MS3,1,m,planned
HUL104B/D09,dcim.frontport,A14,HUL104B/D09,dcim.rearport,14,smf-os2,MS3,1,m,planned
HUL104B/D09,dcim.frontport,A15,HUL104B/D09,dcim.rearport,15,smf-os2,MS3,1,m,planned
HUL104B/D09,dcim.frontport,01/01,HUL104B/D09,dcim.frontport,a1,smf-os2,MS3,1,m,connected
HUL104B/D09,dcim.frontport,01/02,HUL104B/D09,dcim.frontport,a4,smf-os2,MS3,1,m,connected
HUL104B/D09,dcim.frontport,01/03,HUL104B/D09,dcim.frontport,a7,smf-os2,MS3,1,m,connected
HUL104B/D09,dcim.frontport,01/04,HUL104B/D09,dcim.frontport,a10,smf-os2,MS3,1,m,connected
HUL104B/D09,dcim.frontport,02/01,HUL104B/D09,dcim.frontport,a1,smf-os2,MS3,1,m,connected
HUL104B/D09,dcim.frontport,02/02,HUL104B/D09,dcim.frontport,a4,smf-os2,MS3,1,m,connected
HUL104B/D09,dcim.frontport,02/03,HUL104B/D09,dcim.frontport,a7,smf-os2,MS3,1,m,connected
HUL104B/D09,dcim.frontport,02/04,HUL104B/D09,dcim.frontport,a10,smf-os2,MS3,1,m,connected
HUL104B/D09,dcim.frontport,03/01,HUL104B/D09,dcim.frontport,a13,smf-os2,MS3,1,m,connected
HUL104B/D09,dcim.frontport,03/02,HUL104B/D09,dcim.frontport,a16,smf-os2,MS3,1,m,connected
HUL104B/D09,dcim.frontport,03/03,HUL104B/D09,dcim.frontport,b1,smf-os2,MS3,1,m,connected
HUL104B/D09,dcim.frontport,03/04,HUL104B/D09,dcim.frontport,b4,smf-os2,MS3,1,m,connected
HUL104B/D09,dcim.frontport,04/01,HUL104B/D09,dcim.frontport,b7,smf-os2,MS3,1,m,connected
HUL104B/D09,dcim.frontport,04/02,HUL104B/D09,dcim.frontport,b10,smf-os2,MS3,1,m,connected
HUL104B/D09,dcim.frontport,04/03,HUL104B/D09,dcim.frontport,b13,smf-os2,MS3,1,m,connected
HUL104B/D09,dcim.frontport,04/04,HUL104B/D09,dcim.frontport,b16,smf-os2,MS3,1,m,connected
HUL104B/D09,dcim.frontport,05/01,HUL104B/D09,dcim.frontport,b19,smf-os2,MS3,1,m,connected
HUL104B/D09,dcim.frontport,05/02,HUL104B/D09,dcim.frontport,c1,smf-os2,MS3,1,m,connected
HUL104B/D09,dcim.frontport,05/03,HUL104B/D09,dcim.frontport,c4,smf-os2,MS3,1,m,connected
HUL104B/D09,dcim.frontport,05/04,HUL104B/D09,dcim.frontport,c7,smf-os2,MS3,1,m,connected
HUL104B/D09,dcim.frontport,06/01,HUL104B/D09,dcim.frontport,d1,smf-os2,MS3,1,m,connected
HUL104B/D09,dcim.frontport,06/02,HUL104B/D09,dcim.frontport,a2,smf-os2,MS3,1,m,planned
HUL104B/D09,dcim.frontport,06/03,HUL104B/D09,dcim.frontport,a3,smf-os2,MS3,1,m,planned
HUL104B/D09,dcim.frontport,06/04,HUL104B/D09,dcim.frontport,a5,smf-os2,MS3,1,m,planned
HUL104B/D09,dcim.frontport,07/01,HUL104B/D09,dcim.frontport,a6,smf-os2,MS3,1,m,planned
HUL104B/D09,dcim.frontport,07/02,HUL104B/D09,dcim.frontport,a8,smf-os2,MS3,1,m,planned
HUL104B/D09,dcim.frontport,07/03,HUL104B/D09,dcim.frontport,a9,smf-os2,MS3,1,m,planned
HUL104B/D09,dcim.frontport,07/04,HUL104B/D09,dcim.frontport,a11,smf-os2,MS3,1,m,planned
HUL104B/D09,dcim.frontport,08/01,HUL104B/D09,dcim.frontport,a12,smf-os2,MS3,1,m,planned
HUL104B/D09,dcim.frontport,08/02,HUL104B/D09,dcim.frontport,a14,smf-os2,MS3,1,m,planned
HUL104B/D09,dcim.frontport,08/03,HUL104B/D09,dcim.frontport,a15,smf-os2,MS3,1,m,planned
HUL104B/D09,dcim.frontport,08/04,HUL104B/D09,dcim.frontport,a17,smf-os2,MS3,1,m,planned
HUL104B/D09,dcim.frontport,09/01,HUL104B/D09,dcim.frontport,a18,smf-os2,MS3,1,m,planned
HUL104B/D09,dcim.frontport,09/02,HUL104B/D09,dcim.frontport,a20,smf-os2,MS3,1,m,planned
HUL104B/D09,dcim.frontport,09/03,HUL104B/D09,dcim.frontport,a21,smf-os2,MS3,1,m,planned
HUL104B/D09,dcim.frontport,09/04,HUL104B/D09,dcim.frontport,a23,smf-os2,MS3,1,m,planned
HUL104B/D09,dcim.frontport,10/01,HUL104B/D09,dcim.frontport,a26,smf-os2,MS3,1,m,planned
HUL104B/D09,dcim.frontport,10/02,HUL104B/D09,dcim.frontport,a27,smf-os2,MS3,1,m,planned
HUL104B/D09,dcim.frontport,10/03,HUL104B/D09,dcim.frontport,a29,smf-os2,MS3,1,m,planned
HUL104B/D09,dcim.frontport,10/04,HUL104B/D09,dcim.frontport,b2,smf-os2,MS3,1,m,planned
HUL104B/D09,dcim.frontport,11/01,HUL104B/D09,dcim.frontport,b3,smf-os2,MS3,1,m,planned
HUL104B/D09,dcim.frontport,11/02,HUL104B/D09,dcim.frontport,b5,smf-os2,MS3,1,m,planned
HUL104B/D09,dcim.frontport,11/03,HUL104B/D09,dcim.frontport,b6,smf-os2,MS3,1,m,planned
HUL104B/D09,dcim.frontport,11/04,HUL104B/D09,dcim.frontport,b8,smf-os2,MS3,1,m,planned
HUL104B/D09,dcim.frontport,12/01,HUL104B/D09,dcim.frontport,b11,smf-os2,MS3,1,m,planned
HUL104B/D09,dcim.frontport,12/02,HUL104B/D09,dcim.frontport,b12,smf-os2,MS3,1,m,planned
HUL104B/D09,dcim.frontport,12/03,HUL104B/D09,dcim.frontport,b14,smf-os2,MS3,1,m,planned
HUL104B/D09,dcim.frontport,12/04,HUL104B/D09,dcim.frontport,b17,smf-os2,MS3,1,m,planned
HUL104B/D09,dcim.frontport,13/01,HUL104B/D09,dcim.frontport,b18,smf-os2,MS3,1,m,planned
HUL104B/D09,dcim.frontport,13/02,HUL104B/D09,dcim.frontport,b20,smf-os2,MS3,1,m,planned
HUL104B/D09,dcim.frontport,13/03,HUL104B/D09,dcim.frontport,b21,smf-os2,MS3,1,m,planned
HUL104B/D09,dcim.frontport,13/04,HUL104B/D09,dcim.frontport,c2,smf-os2,MS3,1,m,planned
HUL104B/D09,dcim.frontport,14/01,HUL104B/D09,dcim.frontport,c3,smf-os2,MS3,1,m,planned
HUL104B/D09,dcim.frontport,14/02,HUL104B/D09,dcim.frontport,c5,smf-os2,MS3,1,m,planned
HUL104B/D09,dcim.frontport,14/03,HUL104B/D09,dcim.frontport,c8,smf-os2,MS3,1,m,planned
HUL104B/D09,dcim.frontport,14/04,HUL104B/D09,dcim.frontport,d2,smf-os2,MS3,1,m,planned
HUL104B/D09,dcim.frontport,15/01,HUL104B/D09,dcim.frontport,d3,smf-os2,MS3,1,m,planned
HUL104B/D09,dcim.frontport,A25,HUL104B/D09,dcim.frontport,B1,smf-os2,MS3,0,m,connected
HUL104B/D09,dcim.frontport,A26,HUL104B/D09,dcim.frontport,B2,smf-os2,MS3,0,m,connected
HUL104B/D09,dcim.frontport,A27,HUL104B/D09,dcim.frontport,B3,smf-os2,MS3,0,m,connected
HUL104B/D09,dcim.frontport,A28,HUL104B/D09,dcim.frontport,B4,smf-os2,MS3,0,m,connected
HUL104B/D09,dcim.frontport,A29,HUL104B/D09,dcim.frontport,B5,smf-os2,MS3,0,m,connected
HUL104B/D09,dcim.frontport,A30,HUL104B/D09,dcim.frontport,B6,smf-os2,MS3,0,m,connected
HUL104B/D09,dcim.frontport,A31,HUL104B/D09,dcim.frontport,B7,smf-os2,MS3,0,m,connected
HUL104B/D09,dcim.frontport,A32,HUL104B/D09,dcim.frontport,B8,smf-os2,MS3,0,m,connected
HUL104B/D09,dcim.frontport,A33,HUL104B/D09,dcim.frontport,B9,smf-os2,MS3,0,m,connected
HUL104B/D09,dcim.frontport,A34,HUL104B/D09,dcim.frontport,B10,smf-os2,MS3,0,m,connected
HUL104B/D09,dcim.frontport,A35,HUL104B/D09,dcim.frontport,B11,smf-os2,MS3,0,m,connected
HUL104B/D09,dcim.frontport,A36,HUL104B/D09,dcim.frontport,B12,smf-os2,MS3,0,m,connected
HUL104B/D09,dcim.frontport,A37,HUL104B/D09,dcim.frontport,B13,smf-os2,MS3,0,m,connected
HUL104B/D09,dcim.frontport,A38,HUL104B/D09,dcim.frontport,B14,smf-os2,MS3,0,m,connected
HUL104B/D09,dcim.frontport,A39,HUL104B/D09,dcim.frontport,B15,smf-os2,MS3,0,m,connected
HUL104B/D09,dcim.frontport,A40,HUL104B/D09,dcim.frontport,B16,smf-os2,MS3,0,m,connected
HUL104B/D09,dcim.frontport,A41,HUL104B/D09,dcim.frontport,B17,smf-os2,MS3,0,m,connected
HUL104B/D09,dcim.frontport,A42,HUL104B/D09,dcim.frontport,B18,smf-os2,MS3,0,m,connected
HUL104B/D09,dcim.frontport,A43,HUL104B/D09,dcim.frontport,B19,smf-os2,MS3,0,m,connected
HUL104B/D09,dcim.frontport,A44,HUL104B/D09,dcim.frontport,B20,smf-os2,MS3,0,m,connected
HUL104B/D09,dcim.frontport,A45,HUL104B/D09,dcim.frontport,B21,smf-os2,MS3,0,m,connected
HUL104B/D09,dcim.frontport,A46,HUL104B/D09,dcim.frontport,B22,smf-os2,MS3,0,m,connected
HUL104B/D09,dcim.frontport,A47,HUL104B/D09,dcim.frontport,B23,smf-os2,MS3,0,m,connected
HUL104B/D09,dcim.frontport,A48,HUL104B/D09,dcim.frontport,B24,smf-os2,MS3,0,m,connected