side_a_device,side_a_type,side_a_name,side_b_device,side_b_type,side_b_name,type,tenant,length,length_unit,status
EAS102D/D15,dcim.frontport,A1,EAS102D/D15,dcim.rearport,1,smf-os2,MS3,1,m,connected
EAS102D/D15,dcim.frontport,A2,EAS102D/D15,dcim.rearport,2,smf-os2,MS3,1,m,connected
EAS102D/D15,dcim.frontport,A3,EAS102D/D15,dcim.rearport,3,smf-os2,MS3,1,m,connected
EAS102D/D15,dcim.frontport,A4,EAS102D/D15,dcim.rearport,4,smf-os2,MS3,1,m,connected
EAS102D/D15,dcim.frontport,A5,EAS102D/D15,dcim.rearport,5,smf-os2,MS3,1,m,connected
EAS102D/D15,dcim.frontport,A6,EAS102D/D15,dcim.rearport,6,smf-os2,MS3,1,m,connected
EAS102D/D15,dcim.frontport,A7,EAS102D/D15,dcim.rearport,7,smf-os2,MS3,1,m,connected
EAS102D/D15,dcim.frontport,A8,EAS102D/D15,dcim.rearport,8,smf-os2,MS3,1,m,connected
EAS102D/D15,dcim.frontport,A9,EAS102D/D15,dcim.rearport,9,smf-os2,MS3,1,m,connected
EAS102D/D15,dcim.frontport,A10,EAS102D/D15,dcim.rearport,10,smf-os2,MS3,1,m,connected
EAS102D/D15,dcim.frontport,A11,EAS102D/D15,dcim.rearport,11,smf-os2,MS3,1,m,planned
EAS102D/D15,dcim.frontport,A12,EAS102D/D15,dcim.rearport,12,smf-os2,MS3,1,m,planned
EAS102D/D15,dcim.frontport,A13,EAS102D/D15,dcim.rearport,13,smf-os2,MS3,1,m,planned
EAS102D/D15,dcim.frontport,A14,EAS102D/D15,dcim.rearport,14,smf-os2,MS3,1,m,planned
EAS102D/D15,dcim.frontport,A15,EAS102D/D15,dcim.rearport,15,smf-os2,MS3,1,m,planned
EAS102D/D15,dcim.frontport,A16,EAS102D/D15,dcim.rearport,16,smf-os2,MS3,1,m,planned
EAS102D/D15,dcim.frontport,A17,EAS102D/D15,dcim.rearport,17,smf-os2,MS3,1,m,planned
EAS102D/D15,dcim.frontport,A18,EAS102D/D15,dcim.rearport,18,smf-os2,MS3,1,m,planned
EAS102D/D15,dcim.frontport,A19,EAS102D/D15,dcim.rearport,19,smf-os2,MS3,1,m,planned
EAS102D/D15,dcim.frontport,01/01,EAS102D/D15,dcim.frontport,a1,smf-os2,MS3,1,m,connected
EAS102D/D15,dcim.frontport,01/02,EAS102D/D15,dcim.frontport,a4,smf-os2,MS3,1,m,connected
EAS102D/D15,dcim.frontport,01/03,EAS102D/D15,dcim.frontport,a7,smf-os2,MS3,1,m,connected
EAS102D/D15,dcim.frontport,01/04,EAS102D/D15,dcim.frontport,a10,smf-os2,MS3,1,m,connected
EAS102D/D15,dcim.frontport,02/01,EAS102D/D15,dcim.frontport,a13,smf-os2,MS3,1,m,connected
EAS102D/D15,dcim.frontport,02/02,EAS102D/D15,dcim.frontport,a16,smf-os2,MS3,1,m,connected
EAS102D/D15,dcim.frontport,02/03,EAS102D/D15,dcim.frontport,a19,smf-os2,MS3,1,m,connected
EAS102D/D15,dcim.frontport,02/04,EAS102D/D15,dcim.frontport,a22,smf-os2,MS3,1,m,connected
EAS102D/D15,dcim.frontport,03/01,EAS102D/D15,dcim.frontport,a25,smf-os2,MS3,1,m,connected
EAS102D/D15,dcim.frontport,03/02,EAS102D/D15,dcim.frontport,a28,smf-os2,MS3,1,m,connected
EAS102D/D15,dcim.frontport,03/03,EAS102D/D15,dcim.frontport,a31,smf-os2,MS3,1,m,connected
EAS102D/D15,dcim.frontport,03/04,EAS102D/D15,dcim.frontport,a34,smf-os2,MS3,1,m,connected
EAS102D/D15,dcim.frontport,04/01,EAS102D/D15,dcim.frontport,a37,smf-os2,MS3,1,m,connected
EAS102D/D15,dcim.frontport,04/02,EAS102D/D15,dcim.frontport,a40,smf-os2,MS3,1,m,connected
EAS102D/D15,dcim.frontport,04/03,EAS102D/D15,dcim.frontport,a43,smf-os2,MS3,1,m,connected
EAS102D/D15,dcim.frontport,04/04,EAS102D/D15,dcim.frontport,a46,smf-os2,MS3,1,m,connected
EAS102D/D15,dcim.frontport,05/01,EAS102D/D15,dcim.frontport,a49,smf-os2,MS3,1,m,connected
EAS102D/D15,dcim.frontport,05/02,EAS102D/D15,dcim.frontport,a52,smf-os2,MS3,1,m,connected
EAS102D/D15,dcim.frontport,05/03,EAS102D/D15,dcim.frontport,a55,smf-os2,MS3,1,m,connected
EAS102D/D15,dcim.frontport,05/04,EAS102D/D15,dcim.frontport,a58,smf-os2,MS3,1,m,connected
EAS102D/D15,dcim.frontport,06/01,EAS102D/D15,dcim.frontport,a61,smf-os2,MS3,1,m,connected
EAS102D/D15,dcim.frontport,06/02,EAS102D/D15,dcim.frontport,a64,smf-os2,MS3,1,m,connected
EAS102D/D15,dcim.frontport,06/03,EAS102D/D15,dcim.frontport,a67,smf-os2,MS3,1,m,connected
EAS102D/D15,dcim.frontport,06/04,EAS102D/D15,dcim.frontport,a70,smf-os2,MS3,1,m,connected
EAS102D/D15,dcim.frontport,07/01,EAS102D/D15,dcim.frontport,a73,smf-os2,MS3,1,m,connected
EAS102D/D15,dcim.frontport,07/02,EAS102D/D15,dcim.frontport,b1,smf-os2,MS3,1,m,connected
EAS102D/D15,dcim.frontport,07/03,EAS102D/D15,dcim.frontport,b4,smf-os2,MS3,1,m,connected
EAS102D/D15,dcim.frontport,07/04,EAS102D/D15,dcim.frontport,b7,smf-os2,MS3,1,m,connected
EAS102D/D15,dcim.frontport,08/01,EAS102D/D15,dcim.frontport,b10,smf-os2,MS3,1,m,connected
EAS102D/D15,dcim.frontport,08/02,EAS102D/D15,dcim.frontport,b13,smf-os2,MS3,1,m,connected
EAS102D/D15,dcim.frontport,08/03,EAS102D/D15,dcim.frontport,b16,smf-os2,MS3,1,m,connected
EAS102D/D15,dcim.frontport,08/04,EAS102D/D15,dcim.frontport,b19,smf-os2,MS3,1,m,connected
EAS102D/D15,dcim.frontport,09/01,EAS102D/D15,dcim.frontport,c1,smf-os2,MS3,1,m,connected
EAS102D/D15,dcim.frontport,09/02,EAS102D/D15,dcim.frontport,c4,smf-os2,MS3,1,m,connected
EAS102D/D15,dcim.frontport,09/03,EAS102D/D15,dcim.frontport,c7,smf-os2,MS3,1,m,connected
EAS102D/D15,dcim.frontport,09/04,EAS102D/D15,dcim.frontport,d1,smf-os2,MS3,1,m,connected
EAS102D/D15,dcim.frontport,10/01,EAS102D/D15,dcim.frontport,d4,smf-os2,MS3,1,m,connected
EAS102D/D15,dcim.frontport,10/02,EAS102D/D15,dcim.frontport,a5,smf-os2,MS3,1,m,planned
EAS102D/D15,dcim.frontport,10/03,EAS102D/D15,dcim.frontport,a14,smf-os2,MS3,1,m,planned
EAS102D/D15,dcim.frontport,10/04,EAS102D/D15,dcim.frontport,a17,smf-os2,MS3,1,m,planned
EAS102D/D15,dcim.frontport,11/01,EAS102D/D15,dcim.frontport,a20,smf-os2,MS3,1,m,planned
EAS102D/D15,dcim.frontport,11/02,EAS102D/D15,dcim.frontport,a23,smf-os2,MS3,1,m,planned
EAS102D/D15,dcim.frontport,11/03,EAS102D/D15,dcim.frontport,a26,smf-os2,MS3,1,m,planned
EAS102D/D15,dcim.frontport,11/04,EAS102D/D15,dcim.frontport,a29,smf-os2,MS3,1,m,planned
EAS102D/D15,dcim.frontport,12/01,EAS102D/D15,dcim.frontport,a32,smf-os2,MS3,1,m,planned
EAS102D/D15,dcim.frontport,12/02,EAS102D/D15,dcim.frontport,a35,smf-os2,MS3,1,m,planned
EAS102D/D15,dcim.frontport,12/03,EAS102D/D15,dcim.frontport,a41,smf-os2,MS3,1,m,planned
EAS102D/D15,dcim.frontport,12/04,EAS102D/D15,dcim.frontport,a44,smf-os2,MS3,1,m,planned
EAS102D/D15,dcim.frontport,13/01,EAS102D/D15,dcim.frontport,a47,smf-os2,MS3,1,m,planned
EAS102D/D15,dcim.frontport,13/02,EAS102D/D15,dcim.frontport,a50,smf-os2,MS3,1,m,planned
EAS102D/D15,dcim.frontport,13/03,EAS102D/D15,dcim.frontport,a53,smf-os2,MS3,1,m,planned
EAS102D/D15,dcim.frontport,13/04,EAS102D/D15,dcim.frontport,a56,smf-os2,MS3,1,m,planned
EAS102D/D15,dcim.frontport,14/01,EAS102D/D15,dcim.frontport,a59,smf-os2,MS3,1,m,planned
EAS102D/D15,dcim.frontport,14/02,EAS102D/D15,dcim.frontport,a65,smf-os2,MS3,1,m,planned
EAS102D/D15,dcim.frontport,14/03,EAS102D/D15,dcim.frontport,a71,smf-os2,MS3,1,m,planned
EAS102D/D15,dcim.frontport,14/04,EAS102D/D15,dcim.frontport,a74,smf-os2,MS3,1,m,planned
EAS102D/D15,dcim.frontport,15/01,EAS102D/D15,dcim.frontport,b5,smf-os2,MS3,1,m,planned
EAS102D/D15,dcim.frontport,15/02,EAS102D/D15,dcim.frontport,b11,smf-os2,MS3,1,m,planned
EAS102D/D15,dcim.frontport,15/03,EAS102D/D15,dcim.frontport,b14,smf-os2,MS3,1,m,planned
EAS102D/D15,dcim.frontport,15/04,EAS102D/D15,dcim.frontport,b20,smf-os2,MS3,1,m,planned
EAS102D/D15,dcim.frontport,16/01,EAS102D/D15,dcim.frontport,c2,smf-os2,MS3,1,m,planned
EAS102D/D15,dcim.frontport,16/02,EAS102D/D15,dcim.frontport,c5,smf-os2,MS3,1,m,planned
EAS102D/D15,dcim.frontport,16/03,EAS102D/D15,dcim.frontport,c8,smf-os2,MS3,1,m,planned
EAS102D/D15,dcim.frontport,16/04,EAS102D/D15,dcim.frontport,d2,smf-os2,MS3,1,m,planned
EAS102D/D15,dcim.frontport,17/01,EAS102D/D15,dcim.frontport,d5,smf-os2,MS3,1,m,planned
EAS102D/D15,dcim.frontport,17/02,EAS102D/D15,dcim.frontport,a21,smf-os2,MS3,1,m,planned
EAS102D/D15,dcim.frontport,17/03,EAS102D/D15,dcim.frontport,a42,smf-os2,MS3,1,m,planned
EAS102D/D15,dcim.frontport,17/04,EAS102D/D15,dcim.frontport,b15,smf-os2,MS3,1,m,planned
EAS102D/D15,dcim.frontport,18/01,EAS102D/D15,dcim.frontport,c9,smf-os2,MS3,1,m,planned
EAS102D/D15,dcim.frontport,18/02,EAS102D/D15,dcim.frontport,d6,smf-os2,MS3,1,m,planned
EAS102D/D15,dcim.frontport,18/03,EAS102D/D15,dcim.frontport,d7,smf-os2,MS3,1,m,planned
EAS102D/D15,dcim.frontport,18/04,EAS102D/D15,dcim.frontport,d8,smf-os2,MS3,1,m,planned
EAS102D/D15,dcim.frontport,19/01,EAS102D/D15,dcim.frontport,d9,smf-os2,MS3,1,m,planned
EAS102D/D15,dcim.frontport,A25,EAS102D/D15,dcim.frontport,B1,smf-os2,MS3,0,m,connected
EAS102D/D15,dcim.frontport,A26,EAS102D/D15,dcim.frontport,B2,smf-os2,MS3,0,m,connected
EAS102D/D15,dcim.frontport,A27,EAS102D/D15,dcim.frontport,B3,smf-os2,MS3,0,m,connected
EAS102D/D15,dcim.frontport,A28,EAS102D/D15,dcim.frontport,B4,smf-os2,MS3,0,m,connected
EAS102D/D15,dcim.frontport,A29,EAS102D/D15,dcim.frontport,B5,smf-os2,MS3,0,m,connected
EAS102D/D15,dcim.frontport,A30,EAS102D/D15,dcim.frontport,B6,smf-os2,MS3,0,m,connected
EAS102D/D15,dcim.frontport,A31,EAS102D/D15,dcim.frontport,B7,smf-os2,MS3,0,m,connected
EAS102D/D15,dcim.frontport,A32,EAS102D/D15,dcim.frontport,B8,smf-os2,MS3,0,m,connected
EAS102D/D15,dcim.frontport,A33,EAS102D/D15,dcim.frontport,B9,smf-os2,MS3,0,m,connected
EAS102D/D15,dcim.frontport,A34,EAS102D/D15,dcim.frontport,B10,smf-os2,MS3,0,m,connected
EAS102D/D15,dcim.frontport,A35,EAS102D/D15,dcim.frontport,B11,smf-os2,MS3,0,m,connected
EAS102D/D15,dcim.frontport,A36,EAS102D/D15,dcim.frontport,B12,smf-os2,MS3,0,m,connected
EAS102D/D15,dcim.frontport,A37,EAS102D/D15,dcim.frontport,B13,smf-os2,MS3,0,m,connected
EAS102D/D15,dcim.frontport,A38,EAS102D/D15,dcim.frontport,B14,smf-os2,MS3,0,m,connected
EAS102D/D15,dcim.frontport,A39,EAS102D/D15,dcim.frontport,B15,smf-os2,MS3,0,m,connected
EAS102D/D15,dcim.frontport,A40,EAS102D/D15,dcim.frontport,B16,smf-os2,MS3,0,m,connected
EAS102D/D15,dcim.frontport,A41,EAS102D/D15,dcim.frontport,B17,smf-os2,MS3,0,m,connected
EAS102D/D15,dcim.frontport,A42,EAS102D/D15,dcim.frontport,B18,smf-os2,MS3,0,m,connected
EAS102D/D15,dcim.frontport,A43,EAS102D/D15,dcim.frontport,B19,smf-os2,MS3,0,m,connected
EAS102D/D15,dcim.frontport,A44,EAS102D/D15,dcim.frontport,B20,smf-os2,MS3,0,m,connected
EAS102D/D15,dcim.frontport,A45,EAS102D/D15,dcim.frontport,B21,smf-os2,MS3,0,m,connected
EAS102D/D15,dcim.frontport,A46,EAS102D/D15,dcim.frontport,B22,smf-os2,MS3,0,m,connected
EAS102D/D15,dcim.frontport,A47,EAS102D/D15,dcim.frontport,B23,smf-os2,MS3,0,m,connected
EAS102D/D15,dcim.frontport,A48,EAS102D/D15,dcim.frontport,B24,smf-os2,MS3,0,m,connected