side_a_device,side_a_type,side_a_name,side_b_device,side_b_type,side_b_name,type,tenant,length,length_unit,status
EAS102C/D14,dcim.frontport,01/01,EAS102C/D14,dcim.frontport,a1,smf-os2,MS3,1,m,connected
EAS102C/D14,dcim.frontport,01/02,EAS102C/D14,dcim.frontport,a4,smf-os2,MS3,1,m,connected
EAS102C/D14,dcim.frontport,01/03,EAS102C/D14,dcim.frontport,a7,smf-os2,MS3,1,m,connected
EAS102C/D14,dcim.frontport,01/04,EAS102C/D14,dcim.frontport,a10,smf-os2,MS3,1,m,connected
EAS102C/D14,dcim.frontport,02/01,EAS102C/D14,dcim.frontport,a13,smf-os2,MS3,1,m,connected
EAS102C/D14,dcim.frontport,02/02,EAS102C/D14,dcim.frontport,a16,smf-os2,MS3,1,m,connected
EAS102C/D14,dcim.frontport,02/03,EAS102C/D14,dcim.frontport,a19,smf-os2,MS3,1,m,connected
EAS102C/D14,dcim.frontport,02/04,EAS102C/D14,dcim.frontport,a22,smf-os2,MS3,1,m,connected
EAS102C/D14,dcim.frontport,03/01,EAS102C/D14,dcim.frontport,a25,smf-os2,MS3,1,m,connected
EAS102C/D14,dcim.frontport,03/02,EAS102C/D14,dcim.frontport,a28,smf-os2,MS3,1,m,connected
EAS102C/D14,dcim.frontport,03/03,EAS102C/D14,dcim.frontport,a31,smf-os2,MS3,1,m,connected
EAS102C/D14,dcim.frontport,03/04,EAS102C/D14,dcim.frontport,a34,smf-os2,MS3,1,m,connected
EAS102C/D14,dcim.frontport,04/01,EAS102C/D14,dcim.frontport,a37,smf-os2,MS3,1,m,connected
EAS102C/D14,dcim.frontport,04/02,EAS102C/D14,dcim.frontport,b1,smf-os2,MS3,1,m,connected
EAS102C/D14,dcim.frontport,04/03,EAS102C/D14,dcim.frontport,b4,smf-os2,MS3,1,m,connected
EAS102C/D14,dcim.frontport,04/04,EAS102C/D14,dcim.frontport,b7,smf-os2,MS3,1,m,connected
EAS102C/D14,dcim.frontport,05/01,EAS102C/D14,dcim.frontport,b10,smf-os2,MS3,1,m,connected
EAS102C/D14,dcim.frontport,05/02,EAS102C/D14,dcim.frontport,b13,smf-os2,MS3,1,m,connected
EAS102C/D14,dcim.frontport,05/03,EAS102C/D14,dcim.frontport,b16,smf-os2,MS3,1,m,connected
EAS102C/D14,dcim.frontport,05/04,EAS102C/D14,dcim.frontport,b19,smf-os2,MS3,1,m,connected
EAS102C/D14,dcim.frontport,06/01,EAS102C/D14,dcim.frontport,b22,smf-os2,MS3,1,m,connected
EAS102C/D14,dcim.frontport,06/02,EAS102C/D14,dcim.frontport,b25,smf-os2,MS3,1,m,connected
EAS102C/D14,dcim.frontport,06/03,EAS102C/D14,dcim.frontport,b28,smf-os2,MS3,1,m,connected
EAS102C/D14,dcim.frontport,06/04,EAS102C/D14,dcim.frontport,b31,smf-os2,MS3,1,m,connected
EAS102C/D14,dcim.frontport,07/01,EAS102C/D14,dcim.frontport,b34,smf-os2,MS3,1,m,connected
EAS102C/D14,dcim.frontport,07/02,EAS102C/D14,dcim.frontport,b37,smf-os2,MS3,1,m,connected
EAS102C/D14,dcim.frontport,07/03,EAS102C/D14,dcim.frontport,c1,smf-os2,MS3,1,m,connected
EAS102C/D14,dcim.frontport,07/04,EAS102C/D14,dcim.frontport,c4,smf-os2,MS3,1,m,connected
EAS102C/D14,dcim.frontport,08/01,EAS102C/D14,dcim.frontport,a2,smf-os2,MS3,1,m,planned
EAS102C/D14,dcim.frontport,08/02,EAS102C/D14,dcim.frontport,a5,smf-os2,MS3,1,m,planned
EAS102C/D14,dcim.frontport,08/03,EAS102C/D14,dcim.frontport,a8,smf-os2,MS3,1,m,planned
EAS102C/D14,dcim.frontport,08/04,EAS102C/D14,dcim.frontport,a11,smf-os2,MS3,1,m,planned
EAS102C/D14,dcim.frontport,09/01,EAS102C/D14,dcim.frontport,a14,smf-os2,MS3,1,m,planned
EAS102C/D14,dcim.frontport,09/02,EAS102C/D14,dcim.frontport,a17,smf-os2,MS3,1,m,planned
EAS102C/D14,dcim.frontport,09/03,EAS102C/D14,dcim.frontport,a20,smf-os2,MS3,1,m,planned
EAS102C/D14,dcim.frontport,09/04,EAS102C/D14,dcim.frontport,a23,smf-os2,MS3,1,m,planned
EAS102C/D14,dcim.frontport,10/01,EAS102C/D14,dcim.frontport,a26,smf-os2,MS3,1,m,planned
EAS102C/D14,dcim.frontport,10/02,EAS102C/D14,dcim.frontport,a29,smf-os2,MS3,1,m,planned
EAS102C/D14,dcim.frontport,10/03,EAS102C/D14,dcim.frontport,a32,smf-os2,MS3,1,m,planned
EAS102C/D14,dcim.frontport,10/04,EAS102C/D14,dcim.frontport,a35,smf-os2,MS3,1,m,planned
EAS102C/D14,dcim.frontport,11/01,EAS102C/D14,dcim.frontport,a38,smf-os2,MS3,1,m,planned
EAS102C/D14,dcim.frontport,11/02,EAS102C/D14,dcim.frontport,b2,smf-os2,MS3,1,m,planned
EAS102C/D14,dcim.frontport,11/03,EAS102C/D14,dcim.frontport,b5,smf-os2,MS3,1,m,planned
EAS102C/D14,dcim.frontport,11/04,EAS102C/D14,dcim.frontport,b8,smf-os2,MS3,1,m,planned
EAS102C/D14,dcim.frontport,12/01,EAS102C/D14,dcim.frontport,b11,smf-os2,MS3,1,m,planned
EAS102C/D14,dcim.frontport,12/02,EAS102C/D14,dcim.frontport,b14,smf-os2,MS3,1,m,planned
EAS102C/D14,dcim.frontport,12/03,EAS102C/D14,dcim.frontport,b20,smf-os2,MS3,1,m,planned
EAS102C/D14,dcim.frontport,12/04,EAS102C/D14,dcim.frontport,b29,smf-os2,MS3,1,m,planned
EAS102C/D14,dcim.frontport,13/01,EAS102C/D14,dcim.frontport,b35,smf-os2,MS3,1,m,planned
EAS102C/D14,dcim.frontport,13/02,EAS102C/D14,dcim.frontport,c2,smf-os2,MS3,1,m,planned
EAS102C/D14,dcim.frontport,13/03,EAS102C/D14,dcim.frontport,c5,smf-os2,MS3,1,m,planned
EAS102C/D14,dcim.frontport,13/04,EAS102C/D14,dcim.frontport,a3,smf-os2,MS3,1,m,planned
EAS102C/D14,dcim.frontport,14/01,EAS102C/D14,dcim.frontport,a6,smf-os2,MS3,1,m,planned
EAS102C/D14,dcim.frontport,14/02,EAS102C/D14,dcim.frontport,b15,smf-os2,MS3,1,m,planned
EAS102C/D14,dcim.frontport,14/03,EAS102C/D14,dcim.frontport,b21,smf-os2,MS3,1,m,planned
EAS102C/D14,dcim.frontport,14/04,EAS102C/D14,dcim.frontport,c6,smf-os2,MS3,1,m,planned
EAS102C/D14,dcim.frontport,A25,EAS102C/D14,dcim.rearport,1,smf-os2,MS3,1,m,connected
EAS102C/D14,dcim.frontport,A26,EAS102C/D14,dcim.rearport,2,smf-os2,MS3,1,m,connected
EAS102C/D14,dcim.frontport,A27,EAS102C/D14,dcim.rearport,3,smf-os2,MS3,1,m,connected
EAS102C/D14,dcim.frontport,A28,EAS102C/D14,dcim.rearport,4,smf-os2,MS3,1,m,connected
EAS102C/D14,dcim.frontport,A29,EAS102C/D14,dcim.rearport,5,smf-os2,MS3,1,m,connected
EAS102C/D14,dcim.frontport,A30,EAS102C/D14,dcim.rearport,6,smf-os2,MS3,1,m,connected
EAS102C/D14,dcim.frontport,A31,EAS102C/D14,dcim.rearport,7,smf-os2,MS3,1,m,connected
EAS102C/D14,dcim.frontport,A32,EAS102C/D14,dcim.rearport,8,smf-os2,MS3,1,m,planned
EAS102C/D14,dcim.frontport,A33,EAS102C/D14,dcim.rearport,9,smf-os2,MS3,1,m,planned
EAS102C/D14,dcim.frontport,A34,EAS102C/D14,dcim.rearport,10,smf-os2,MS3,1,m,planned
EAS102C/D14,dcim.frontport,A35,EAS102C/D14,dcim.rearport,11,smf-os2,MS3,1,m,planned
EAS102C/D14,dcim.frontport,A36,EAS102C/D14,dcim.rearport,12,smf-os2,MS3,1,m,planned
EAS102C/D14,dcim.frontport,A37,EAS102C/D14,dcim.rearport,13,smf-os2,MS3,1,m,planned
EAS102C/D14,dcim.frontport,A38,EAS102C/D14,dcim.rearport,14,smf-os2,MS3,1,m,planned