side_a_device,side_a_type,side_a_name,side_b_device,side_b_type,side_b_name,type,tenant,length,length_unit,status
EAS102A/D04,dcim.frontport,A1,EAS102A/D04,dcim.rearport,1,smf-os2,MS3,1,m,connected
EAS102A/D04,dcim.frontport,A2,EAS102A/D04,dcim.rearport,2,smf-os2,MS3,1,m,connected
EAS102A/D04,dcim.frontport,A3,EAS102A/D04,dcim.rearport,3,smf-os2,MS3,1,m,connected
EAS102A/D04,dcim.frontport,A4,EAS102A/D04,dcim.rearport,4,smf-os2,MS3,1,m,connected
EAS102A/D04,dcim.frontport,A5,EAS102A/D04,dcim.rearport,5,smf-os2,MS3,1,m,connected
EAS102A/D04,dcim.frontport,A6,EAS102A/D04,dcim.rearport,6,smf-os2,MS3,1,m,connected
EAS102A/D04,dcim.frontport,A7,EAS102A/D04,dcim.rearport,7,smf-os2,MS3,1,m,connected
EAS102A/D04,dcim.frontport,A8,EAS102A/D04,dcim.rearport,8,smf-os2,MS3,1,m,connected
EAS102A/D04,dcim.frontport,A9,EAS102A/D04,dcim.rearport,9,smf-os2,MS3,1,m,connected
EAS102A/D04,dcim.frontport,A10,EAS102A/D04,dcim.rearport,10,smf-os2,MS3,1,m,planned
EAS102A/D04,dcim.frontport,A11,EAS102A/D04,dcim.rearport,11,smf-os2,MS3,1,m,planned
EAS102A/D04,dcim.frontport,A12,EAS102A/D04,dcim.rearport,12,smf-os2,MS3,1,m,planned
EAS102A/D04,dcim.frontport,A13,EAS102A/D04,dcim.rearport,13,smf-os2,MS3,1,m,planned
EAS102A/D04,dcim.frontport,A14,EAS102A/D04,dcim.rearport,14,smf-os2,MS3,1,m,planned
EAS102A/D04,dcim.frontport,A15,EAS102A/D04,dcim.rearport,15,smf-os2,MS3,1,m,planned
EAS102A/D04,dcim.frontport,A16,EAS102A/D04,dcim.rearport,16,smf-os2,MS3,1,m,planned
EAS102A/D04,dcim.frontport,A17,EAS102A/D04,dcim.rearport,17,smf-os2,MS3,1,m,planned
EAS102A/D04,dcim.frontport,A18,EAS102A/D04,dcim.rearport,18,smf-os2,MS3,1,m,planned
EAS102A/D04,dcim.frontport,A19,EAS102A/D04,dcim.rearport,19,smf-os2,MS3,1,m,planned
EAS102A/D04,dcim.frontport,A20,EAS102A/D04,dcim.rearport,20,smf-os2,MS3,1,m,planned
EAS102A/D04,dcim.frontport,01/01,EAS102A/D04,dcim.frontport,a1,smf-os2,MS3,1,m,connected
EAS102A/D04,dcim.frontport,01/02,EAS102A/D04,dcim.frontport,a4,smf-os2,MS3,1,m,connected
EAS102A/D04,dcim.frontport,01/03,EAS102A/D04,dcim.frontport,a7,smf-os2,MS3,1,m,connected
EAS102A/D04,dcim.frontport,01/04,EAS102A/D04,dcim.frontport,a10,smf-os2,MS3,1,m,connected
EAS102A/D04,dcim.frontport,02/01,EAS102A/D04,dcim.frontport,a13,smf-os2,MS3,1,m,connected
EAS102A/D04,dcim.frontport,02/02,EAS102A/D04,dcim.frontport,a16,smf-os2,MS3,1,m,connected
EAS102A/D04,dcim.frontport,02/03,EAS102A/D04,dcim.frontport,a19,smf-os2,MS3,1,m,connected
EAS102A/D04,dcim.frontport,02/04,EAS102A/D04,dcim.frontport,a22,smf-os2,MS3,1,m,connected
EAS102A/D04,dcim.frontport,03/01,EAS102A/D04,dcim.frontport,a25,smf-os2,MS3,1,m,connected
EAS102A/D04,dcim.frontport,03/02,EAS102A/D04,dcim.frontport,a28,smf-os2,MS3,1,m,connected
EAS102A/D04,dcim.frontport,03/03,EAS102A/D04,dcim.frontport,a31,smf-os2,MS3,1,m,connected
EAS102A/D04,dcim.frontport,03/04,EAS102A/D04,dcim.frontport,a34,smf-os2,MS3,1,m,connected
EAS102A/D04,dcim.frontport,04/01,EAS102A/D04,dcim.frontport,a37,smf-os2,MS3,1,m,connected
EAS102A/D04,dcim.frontport,04/02,EAS102A/D04,dcim.frontport,a40,smf-os2,MS3,1,m,connected
EAS102A/D04,dcim.frontport,04/03,EAS102A/D04,dcim.frontport,a43,smf-os2,MS3,1,m,connected
EAS102A/D04,dcim.frontport,04/04,EAS102A/D04,dcim.frontport,a46,smf-os2,MS3,1,m,connected
EAS102A/D04,dcim.frontport,05/01,EAS102A/D04,dcim.frontport,a49,smf-os2,MS3,1,m,connected
EAS102A/D04,dcim.frontport,05/02,EAS102A/D04,dcim.frontport,a52,smf-os2,MS3,1,m,connected
EAS102A/D04,dcim.frontport,05/03,EAS102A/D04,dcim.frontport,a55,smf-os2,MS3,1,m,connected
EAS102A/D04,dcim.frontport,05/04,EAS102A/D04,dcim.frontport,a58,smf-os2,MS3,1,m,connected
EAS102A/D04,dcim.frontport,06/01,EAS102A/D04,dcim.frontport,a61,smf-os2,MS3,1,m,connected
EAS102A/D04,dcim.frontport,06/02,EAS102A/D04,dcim.frontport,a64,smf-os2,MS3,1,m,connected
EAS102A/D04,dcim.frontport,06/03,EAS102A/D04,dcim.frontport,a67,smf-os2,MS3,1,m,connected
EAS102A/D04,dcim.frontport,06/04,EAS102A/D04,dcim.frontport,a70,smf-os2,MS3,1,m,connected
EAS102A/D04,dcim.frontport,07/01,EAS102A/D04,dcim.frontport,b1,smf-os2,MS3,1,m,connected
EAS102A/D04,dcim.frontport,07/02,EAS102A/D04,dcim.frontport,b4,smf-os2,MS3,1,m,connected
EAS102A/D04,dcim.frontport,07/03,EAS102A/D04,dcim.frontport,b7,smf-os2,MS3,1,m,connected
EAS102A/D04,dcim.frontport,07/04,EAS102A/D04,dcim.frontport,b10,smf-os2,MS3,1,m,connected
EAS102A/D04,dcim.frontport,08/01,EAS102A/D04,dcim.frontport,b13,smf-os2,MS3,1,m,connected
EAS102A/D04,dcim.frontport,08/02,EAS102A/D04,dcim.frontport,b16,smf-os2,MS3,1,m,connected
EAS102A/D04,dcim.frontport,08/03,EAS102A/D04,dcim.frontport,b19,smf-os2,MS3,1,m,connected
EAS102A/D04,dcim.frontport,08/04,EAS102A/D04,dcim.frontport,c1,smf-os2,MS3,1,m,connected
EAS102A/D04,dcim.frontport,09/01,EAS102A/D04,dcim.frontport,c4,smf-os2,MS3,1,m,connected
EAS102A/D04,dcim.frontport,09/02,EAS102A/D04,dcim.frontport,c7,smf-os2,MS3,1,m,connected
EAS102A/D04,dcim.frontport,09/03,EAS102A/D04,dcim.frontport,c10,smf-os2,MS3,1,m,connected
EAS102A/D04,dcim.frontport,09/04,EAS102A/D04,dcim.frontport,c13,smf-os2,MS3,1,m,connected
EAS102A/D04,dcim.frontport,10/01,EAS102A/D04,dcim.frontport,a2,smf-os2,MS3,1,m,planned
EAS102A/D04,dcim.frontport,10/02,EAS102A/D04,dcim.frontport,a5,smf-os2,MS3,1,m,planned
EAS102A/D04,dcim.frontport,10/03,EAS102A/D04,dcim.frontport,a8,smf-os2,MS3,1,m,planned
EAS102A/D04,dcim.frontport,10/04,EAS102A/D04,dcim.frontport,a11,smf-os2,MS3,1,m,planned
EAS102A/D04,dcim.frontport,11/01,EAS102A/D04,dcim.frontport,a14,smf-os2,MS3,1,m,planned
EAS102A/D04,dcim.frontport,11/02,EAS102A/D04,dcim.frontport,a17,smf-os2,MS3,1,m,planned
EAS102A/D04,dcim.frontport,11/03,EAS102A/D04,dcim.frontport,a23,smf-os2,MS3,1,m,planned
EAS102A/D04,dcim.frontport,11/04,EAS102A/D04,dcim.frontport,a26,smf-os2,MS3,1,m,planned
EAS102A/D04,dcim.frontport,12/01,EAS102A/D04,dcim.frontport,a29,smf-os2,MS3,1,m,planned
EAS102A/D04,dcim.frontport,12/02,EAS102A/D04,dcim.frontport,a32,smf-os2,MS3,1,m,planned
EAS102A/D04,dcim.frontport,12/03,EAS102A/D04,dcim.frontport,a38,smf-os2,MS3,1,m,planned
EAS102A/D04,dcim.frontport,12/04,EAS102A/D04,dcim.frontport,a41,smf-os2,MS3,1,m,planned
EAS102A/D04,dcim.frontport,13/01,EAS102A/D04,dcim.frontport,a47,smf-os2,MS3,1,m,planned
EAS102A/D04,dcim.frontport,13/02,EAS102A/D04,dcim.frontport,a50,smf-os2,MS3,1,m,planned
EAS102A/D04,dcim.frontport,13/03,EAS102A/D04,dcim.frontport,a53,smf-os2,MS3,1,m,planned
EAS102A/D04,dcim.frontport,13/04,EAS102A/D04,dcim.frontport,a56,smf-os2,MS3,1,m,planned
EAS102A/D04,dcim.frontport,14/01,EAS102A/D04,dcim.frontport,a59,smf-os2,MS3,1,m,planned
EAS102A/D04,dcim.frontport,14/02,EAS102A/D04,dcim.frontport,a62,smf-os2,MS3,1,m,planned
EAS102A/D04,dcim.frontport,14/03,EAS102A/D04,dcim.frontport,a65,smf-os2,MS3,1,m,planned
EAS102A/D04,dcim.frontport,14/04,EAS102A/D04,dcim.frontport,a71,smf-os2,MS3,1,m,planned
EAS102A/D04,dcim.frontport,15/01,EAS102A/D04,dcim.frontport,b5,smf-os2,MS3,1,m,planned
EAS102A/D04,dcim.frontport,15/02,EAS102A/D04,dcim.frontport,b8,smf-os2,MS3,1,m,planned
EAS102A/D04,dcim.frontport,15/03,EAS102A/D04,dcim.frontport,b11,smf-os2,MS3,1,m,planned
EAS102A/D04,dcim.frontport,15/04,EAS102A/D04,dcim.frontport,b14,smf-os2,MS3,1,m,planned
EAS102A/D04,dcim.frontport,16/01,EAS102A/D04,dcim.frontport,b17,smf-os2,MS3,1,m,planned
EAS102A/D04,dcim.frontport,16/02,EAS102A/D04,dcim.frontport,b20,smf-os2,MS3,1,m,planned
EAS102A/D04,dcim.frontport,16/03,EAS102A/D04,dcim.frontport,c2,smf-os2,MS3,1,m,planned
EAS102A/D04,dcim.frontport,16/04,EAS102A/D04,dcim.frontport,c5,smf-os2,MS3,1,m,planned
EAS102A/D04,dcim.frontport,17/01,EAS102A/D04,dcim.frontport,c8,smf-os2,MS3,1,m,planned
EAS102A/D04,dcim.frontport,17/02,EAS102A/D04,dcim.frontport,c14,smf-os2,MS3,1,m,planned
EAS102A/D04,dcim.frontport,17/03,EAS102A/D04,dcim.frontport,a18,smf-os2,MS3,1,m,planned
EAS102A/D04,dcim.frontport,17/04,EAS102A/D04,dcim.frontport,a30,smf-os2,MS3,1,m,planned
EAS102A/D04,dcim.frontport,18/01,EAS102A/D04,dcim.frontport,a48,smf-os2,MS3,1,m,planned
EAS102A/D04,dcim.frontport,18/02,EAS102A/D04,dcim.frontport,a51,smf-os2,MS3,1,m,planned
EAS102A/D04,dcim.frontport,18/03,EAS102A/D04,dcim.frontport,a57,smf-os2,MS3,1,m,planned
EAS102A/D04,dcim.frontport,18/04,EAS102A/D04,dcim.frontport,a60,smf-os2,MS3,1,m,planned
EAS102A/D04,dcim.frontport,19/01,EAS102A/D04,dcim.frontport,b6,smf-os2,MS3,1,m,planned
EAS102A/D04,dcim.frontport,19/02,EAS102A/D04,dcim.frontport,b9,smf-os2,MS3,1,m,planned
EAS102A/D04,dcim.frontport,19/03,EAS102A/D04,dcim.frontport,b12,smf-os2,MS3,1,m,planned
EAS102A/D04,dcim.frontport,19/04,EAS102A/D04,dcim.frontport,b18,smf-os2,MS3,1,m,planned
EAS102A/D04,dcim.frontport,20/01,EAS102A/D04,dcim.frontport,c3,smf-os2,MS3,1,m,planned
EAS102A/D04,dcim.frontport,20/02,EAS102A/D04,dcim.frontport,c9,smf-os2,MS3,1,m,planned
EAS102A/D04,dcim.frontport,A25,EAS102A/D04,dcim.frontport,B25,smf-os2,MS3,0,m,connected
EAS102A/D04,dcim.frontport,A26,EAS102A/D04,dcim.frontport,B26,smf-os2,MS3,0,m,connected
EAS102A/D04,dcim.frontport,A27,EAS102A/D04,dcim.frontport,B27,smf-os2,MS3,0,m,connected
EAS102A/D04,dcim.frontport,A28,EAS102A/D04,dcim.frontport,B28,smf-os2,MS3,0,m,connected
EAS102A/D04,dcim.frontport,A29,EAS102A/D04,dcim.frontport,B29,smf-os2,MS3,0,m,connected
EAS102A/D04,dcim.frontport,A30,EAS102A/D04,dcim.frontport,B30,smf-os2,MS3,0,m,connected
EAS102A/D04,dcim.frontport,A31,EAS102A/D04,dcim.frontport,B31,smf-os2,MS3,0,m,connected
EAS102A/D04,dcim.frontport,A32,EAS102A/D04,dcim.frontport,B32,smf-os2,MS3,0,m,connected
EAS102A/D04,dcim.frontport,A33,EAS102A/D04,dcim.frontport,B33,smf-os2,MS3,0,m,connected
EAS102A/D04,dcim.frontport,A34,EAS102A/D04,dcim.frontport,B34,smf-os2,MS3,0,m,connected
EAS102A/D04,dcim.frontport,A35,EAS102A/D04,dcim.frontport,B35,smf-os2,MS3,0,m,connected
EAS102A/D04,dcim.frontport,A36,EAS102A/D04,dcim.frontport,B36,smf-os2,MS3,0,m,connected
EAS102A/D04,dcim.frontport,A37,EAS102A/D04,dcim.frontport,B37,smf-os2,MS3,0,m,connected
EAS102A/D04,dcim.frontport,A38,EAS102A/D04,dcim.frontport,B38,smf-os2,MS3,0,m,connected
EAS102A/D04,dcim.frontport,A39,EAS102A/D04,dcim.frontport,B39,smf-os2,MS3,0,m,connected
EAS102A/D04,dcim.frontport,A40,EAS102A/D04,dcim.frontport,B40,smf-os2,MS3,0,m,connected
EAS102A/D04,dcim.frontport,A41,EAS102A/D04,dcim.frontport,B41,smf-os2,MS3,0,m,connected
EAS102A/D04,dcim.frontport,A42,EAS102A/D04,dcim.frontport,B42,smf-os2,MS3,0,m,connected
EAS102A/D04,dcim.frontport,A43,EAS102A/D04,dcim.frontport,B43,smf-os2,MS3,0,m,connected
EAS102A/D04,dcim.frontport,A44,EAS102A/D04,dcim.frontport,B44,smf-os2,MS3,0,m,connected
EAS102A/D04,dcim.frontport,A45,EAS102A/D04,dcim.frontport,B45,smf-os2,MS3,0,m,connected
EAS102A/D04,dcim.frontport,A46,EAS102A/D04,dcim.frontport,B46,smf-os2,MS3,0,m,connected
EAS102A/D04,dcim.frontport,A47,EAS102A/D04,dcim.frontport,B47,smf-os2,MS3,0,m,connected
EAS102A/D04,dcim.frontport,A48,EAS102A/D04,dcim.frontport,B48,smf-os2,MS3,0,m,connected
EAS102A/D04,dcim.frontport,A49,EAS102A/D04,dcim.frontport,B49,smf-os2,MS3,0,m,connected
EAS102A/D04,dcim.frontport,A50,EAS102A/D04,dcim.frontport,B50,smf-os2,MS3,0,m,connected
EAS102A/D04,dcim.frontport,A51,EAS102A/D04,dcim.frontport,B51,smf-os2,MS3,0,m,connected
EAS102A/D04,dcim.frontport,A52,EAS102A/D04,dcim.frontport,B52,smf-os2,MS3,0,m,connected
EAS102A/D04,dcim.frontport,A53,EAS102A/D04,dcim.frontport,B53,smf-os2,MS3,0,m,connected
EAS102A/D04,dcim.frontport,A54,EAS102A/D04,dcim.frontport,B54,smf-os2,MS3,0,m,connected
EAS102A/D04,dcim.frontport,A55,EAS102A/D04,dcim.frontport,B55,smf-os2,MS3,0,m,connected
EAS102A/D04,dcim.frontport,A56,EAS102A/D04,dcim.frontport,B56,smf-os2,MS3,0,m,connected
EAS102A/D04,dcim.frontport,A57,EAS102A/D04,dcim.frontport,B57,smf-os2,MS3,0,m,connected
EAS102A/D04,dcim.frontport,A58,EAS102A/D04,dcim.frontport,B58,smf-os2,MS3,0,m,connected
EAS102A/D04,dcim.frontport,A59,EAS102A/D04,dcim.frontport,B59,smf-os2,MS3,0,m,connected
EAS102A/D04,dcim.frontport,A60,EAS102A/D04,dcim.frontport,B60,smf-os2,MS3,0,m,connected
EAS102A/D04,dcim.frontport,A61,EAS102A/D04,dcim.frontport,B61,smf-os2,MS3,0,m,connected
EAS102A/D04,dcim.frontport,A62,EAS102A/D04,dcim.frontport,B62,smf-os2,MS3,0,m,connected
EAS102A/D04,dcim.frontport,A63,EAS102A/D04,dcim.frontport,B63,smf-os2,MS3,0,m,connected
EAS102A/D04,dcim.frontport,A64,EAS102A/D04,dcim.frontport,B64,smf-os2,MS3,0,m,connected
EAS102A/D04,dcim.frontport,A65,EAS102A/D04,dcim.frontport,B65,smf-os2,MS3,0,m,connected
EAS102A/D04,dcim.frontport,A66,EAS102A/D04,dcim.frontport,B66,smf-os2,MS3,0,m,connected
EAS102A/D04,dcim.frontport,A67,EAS102A/D04,dcim.frontport,B67,smf-os2,MS3,0,m,connected
EAS102A/D04,dcim.frontport,A68,EAS102A/D04,dcim.frontport,B68,smf-os2,MS3,0,m,connected
EAS102A/D04,dcim.frontport,A69,EAS102A/D04,dcim.frontport,B69,smf-os2,MS3,0,m,connected
EAS102A/D04,dcim.frontport,A70,EAS102A/D04,dcim.frontport,B70,smf-os2,MS3,0,m,connected
EAS102A/D04,dcim.frontport,A71,EAS102A/D04,dcim.frontport,B71,smf-os2,MS3,0,m,connected
EAS102A/D04,dcim.frontport,A72,EAS102A/D04,dcim.frontport,B72,smf-os2,MS3,0,m,connected
EAS102A/D04,dcim.frontport,A73,EAS102A/D04,dcim.frontport,B73,smf-os2,MS3,0,m,connected
EAS102A/D04,dcim.frontport,A74,EAS102A/D04,dcim.frontport,B74,smf-os2,MS3,0,m,connected
EAS102A/D04,dcim.frontport,A75,EAS102A/D04,dcim.frontport,B75,smf-os2,MS3,0,m,connected
EAS102A/D04,dcim.frontport,A76,EAS102A/D04,dcim.frontport,B76,smf-os2,MS3,0,m,connected
EAS102A/D04,dcim.frontport,A77,EAS102A/D04,dcim.frontport,B77,smf-os2,MS3,0,m,connected
EAS102A/D04,dcim.frontport,A78,EAS102A/D04,dcim.frontport,B78,smf-os2,MS3,0,m,connected
EAS102A/D04,dcim.frontport,A79,EAS102A/D04,dcim.frontport,B79,smf-os2,MS3,0,m,connected
EAS102A/D04,dcim.frontport,A80,EAS102A/D04,dcim.frontport,B80,smf-os2,MS3,0,m,connected
EAS102A/D04,dcim.frontport,A81,EAS102A/D04,dcim.frontport,B81,smf-os2,MS3,0,m,connected
EAS102A/D04,dcim.frontport,A82,EAS102A/D04,dcim.frontport,B82,smf-os2,MS3,0,m,connected
EAS102A/D04,dcim.frontport,A83,EAS102A/D04,dcim.frontport,B83,smf-os2,MS3,0,m,connected
EAS102A/D04,dcim.frontport,A84,EAS102A/D04,dcim.frontport,B84,smf-os2,MS3,0,m,connected
EAS102A/D04,dcim.frontport,A85,EAS102A/D04,dcim.frontport,B85,smf-os2,MS3,0,m,connected
EAS102A/D04,dcim.frontport,A86,EAS102A/D04,dcim.frontport,B86,smf-os2,MS3,0,m,connected
EAS102A/D04,dcim.frontport,A87,EAS102A/D04,dcim.frontport,B87,smf-os2,MS3,0,m,connected
EAS102A/D04,dcim.frontport,A88,EAS102A/D04,dcim.frontport,B88,smf-os2,MS3,0,m,connected
EAS102A/D04,dcim.frontport,A89,EAS102A/D04,dcim.frontport,B89,smf-os2,MS3,0,m,connected
EAS102A/D04,dcim.frontport,A90,EAS102A/D04,dcim.frontport,B90,smf-os2,MS3,0,m,connected
EAS102A/D04,dcim.frontport,A91,EAS102A/D04,dcim.frontport,B91,smf-os2,MS3,0,m,connected
EAS102A/D04,dcim.frontport,A92,EAS102A/D04,dcim.frontport,B92,smf-os2,MS3,0,m,connected
EAS102A/D04,dcim.frontport,A93,EAS102A/D04,dcim.frontport,B93,smf-os2,MS3,0,m,connected
EAS102A/D04,dcim.frontport,A94,EAS102A/D04,dcim.frontport,B94,smf-os2,MS3,0,m,connected
EAS102A/D04,dcim.frontport,A95,EAS102A/D04,dcim.frontport,B95,smf-os2,MS3,0,m,connected
EAS102A/D04,dcim.frontport,A96,EAS102A/D04,dcim.frontport,B96,smf-os2,MS3,0,m,connected