side_a_device,side_a_type,side_a_name,side_b_device,side_b_type,side_b_name,type,tenant,length,length_unit,status
EAS102A/D02,dcim.frontport,A1,EAS102A/D02,dcim.rearport,1,smf-os2,MS3,1,m,connected
EAS102A/D02,dcim.frontport,A2,EAS102A/D02,dcim.rearport,2,smf-os2,MS3,1,m,connected
EAS102A/D02,dcim.frontport,A3,EAS102A/D02,dcim.rearport,3,smf-os2,MS3,1,m,connected
EAS102A/D02,dcim.frontport,A4,EAS102A/D02,dcim.rearport,4,smf-os2,MS3,1,m,connected
EAS102A/D02,dcim.frontport,A5,EAS102A/D02,dcim.rearport,5,smf-os2,MS3,1,m,connected
EAS102A/D02,dcim.frontport,A6,EAS102A/D02,dcim.rearport,6,smf-os2,MS3,1,m,planned
EAS102A/D02,dcim.frontport,A7,EAS102A/D02,dcim.rearport,7,smf-os2,MS3,1,m,planned
EAS102A/D02,dcim.frontport,A8,EAS102A/D02,dcim.rearport,8,smf-os2,MS3,1,m,planned
EAS102A/D02,dcim.frontport,A9,EAS102A/D02,dcim.rearport,9,smf-os2,MS3,1,m,planned
EAS102A/D02,dcim.frontport,A10,EAS102A/D02,dcim.rearport,10,smf-os2,MS3,1,m,planned
EAS102A/D02,dcim.frontport,A11,EAS102A/D02,dcim.rearport,11,smf-os2,MS3,1,m,planned
EAS102A/D02,dcim.frontport,01/01,EAS102A/D02,dcim.frontport,a1,smf-os2,MS3,1,m,connected
EAS102A/D02,dcim.frontport,01/02,EAS102A/D02,dcim.frontport,a4,smf-os2,MS3,1,m,connected
EAS102A/D02,dcim.frontport,01/03,EAS102A/D02,dcim.frontport,a7,smf-os2,MS3,1,m,connected
EAS102A/D02,dcim.frontport,01/04,EAS102A/D02,dcim.frontport,a10,smf-os2,MS3,1,m,connected
EAS102A/D02,dcim.frontport,02/01,EAS102A/D02,dcim.frontport,a13,smf-os2,MS3,1,m,connected
EAS102A/D02,dcim.frontport,02/02,EAS102A/D02,dcim.frontport,a16,smf-os2,MS3,1,m,connected
EAS102A/D02,dcim.frontport,02/03,EAS102A/D02,dcim.frontport,a19,smf-os2,MS3,1,m,connected
EAS102A/D02,dcim.frontport,02/04,EAS102A/D02,dcim.frontport,a22,smf-os2,MS3,1,m,connected
EAS102A/D02,dcim.frontport,03/01,EAS102A/D02,dcim.frontport,a25,smf-os2,MS3,1,m,connected
EAS102A/D02,dcim.frontport,03/02,EAS102A/D02,dcim.frontport,a28,smf-os2,MS3,1,m,connected
EAS102A/D02,dcim.frontport,03/03,EAS102A/D02,dcim.frontport,a31,smf-os2,MS3,1,m,connected
EAS102A/D02,dcim.frontport,03/04,EAS102A/D02,dcim.frontport,a34,smf-os2,MS3,1,m,connected
EAS102A/D02,dcim.frontport,04/01,EAS102A/D02,dcim.frontport,a37,smf-os2,MS3,1,m,connected
EAS102A/D02,dcim.frontport,04/02,EAS102A/D02,dcim.frontport,a40,smf-os2,MS3,1,m,connected
EAS102A/D02,dcim.frontport,04/03,EAS102A/D02,dcim.frontport,a43,smf-os2,MS3,1,m,connected
EAS102A/D02,dcim.frontport,04/04,EAS102A/D02,dcim.frontport,b1,smf-os2,MS3,1,m,connected
EAS102A/D02,dcim.frontport,05/01,EAS102A/D02,dcim.frontport,b4,smf-os2,MS3,1,m,connected
EAS102A/D02,dcim.frontport,05/02,EAS102A/D02,dcim.frontport,b7,smf-os2,MS3,1,m,connected
EAS102A/D02,dcim.frontport,05/03,EAS102A/D02,dcim.frontport,b10,smf-os2,MS3,1,m,connected
EAS102A/D02,dcim.frontport,05/04,EAS102A/D02,dcim.frontport,a2,smf-os2,MS3,1,m,planned
EAS102A/D02,dcim.frontport,06/01,EAS102A/D02,dcim.frontport,a5,smf-os2,MS3,1,m,planned
EAS102A/D02,dcim.frontport,06/02,EAS102A/D02,dcim.frontport,a8,smf-os2,MS3,1,m,planned
EAS102A/D02,dcim.frontport,06/03,EAS102A/D02,dcim.frontport,a11,smf-os2,MS3,1,m,planned
EAS102A/D02,dcim.frontport,06/04,EAS102A/D02,dcim.frontport,a14,smf-os2,MS3,1,m,planned
EAS102A/D02,dcim.frontport,07/01,EAS102A/D02,dcim.frontport,a17,smf-os2,MS3,1,m,planned
EAS102A/D02,dcim.frontport,07/02,EAS102A/D02,dcim.frontport,a26,smf-os2,MS3,1,m,planned
EAS102A/D02,dcim.frontport,07/03,EAS102A/D02,dcim.frontport,a29,smf-os2,MS3,1,m,planned
EAS102A/D02,dcim.frontport,07/04,EAS102A/D02,dcim.frontport,a32,smf-os2,MS3,1,m,planned
EAS102A/D02,dcim.frontport,08/01,EAS102A/D02,dcim.frontport,a35,smf-os2,MS3,1,m,planned
EAS102A/D02,dcim.frontport,08/02,EAS102A/D02,dcim.frontport,a41,smf-os2,MS3,1,m,planned
EAS102A/D02,dcim.frontport,08/03,EAS102A/D02,dcim.frontport,a44,smf-os2,MS3,1,m,planned
EAS102A/D02,dcim.frontport,08/04,EAS102A/D02,dcim.frontport,b2,smf-os2,MS3,1,m,planned
EAS102A/D02,dcim.frontport,09/01,EAS102A/D02,dcim.frontport,b5,smf-os2,MS3,1,m,planned
EAS102A/D02,dcim.frontport,09/02,EAS102A/D02,dcim.frontport,b8,smf-os2,MS3,1,m,planned
EAS102A/D02,dcim.frontport,09/03,EAS102A/D02,dcim.frontport,b11,smf-os2,MS3,1,m,planned
EAS102A/D02,dcim.frontport,09/04,EAS102A/D02,dcim.frontport,a3,smf-os2,MS3,1,m,planned
EAS102A/D02,dcim.frontport,10/01,EAS102A/D02,dcim.frontport,a6,smf-os2,MS3,1,m,planned
EAS102A/D02,dcim.frontport,10/02,EAS102A/D02,dcim.frontport,a9,smf-os2,MS3,1,m,planned
EAS102A/D02,dcim.frontport,10/03,EAS102A/D02,dcim.frontport,a12,smf-os2,MS3,1,m,planned
EAS102A/D02,dcim.frontport,10/04,EAS102A/D02,dcim.frontport,a30,smf-os2,MS3,1,m,planned
EAS102A/D02,dcim.frontport,11/01,EAS102A/D02,dcim.frontport,a33,smf-os2,MS3,1,m,planned
EAS102A/D02,dcim.frontport,11/02,EAS102A/D02,dcim.frontport,a45,smf-os2,MS3,1,m,planned
EAS102A/D02,dcim.frontport,11/03,EAS102A/D02,dcim.frontport,b6,smf-os2,MS3,1,m,planned
EAS102A/D02,dcim.frontport,11/04,EAS102A/D02,dcim.frontport,b12,smf-os2,MS3,1,m,planned