side_a_device,side_a_type,side_a_name,side_b_device,side_b_type,side_b_name,type,tenant,length,length_unit,status
EAS102F/D20,dcim.frontport,A1,EAS102F/D20,dcim.rearport,1,smf-os2,MS3,1,m,connected
EAS102F/D20,dcim.frontport,01-Jan,EAS102F/D20,dcim.frontport,b1,smf-os2,MS3,1,m,connected
EAS102F/D20,dcim.frontport,01-Feb,EAS102F/D20,dcim.frontport,b2,smf-os2,MS3,1,m,connected
EAS102F/D20,dcim.frontport,01-Mar,EAS102F/D20,dcim.frontport,b17,smf-os2,MS3,1,m,connected
EAS102F/D20,dcim.frontport,01-Apr,EAS102F/D20,dcim.frontport,b18,smf-os2,MS3,1,m,connected
