side_a_device,side_a_type,side_a_name,side_b_device,side_b_type,side_b_name,type,tenant,length,length_unit,status
EAS102A/D03,dcim.frontport,A1,EAS102A/D03,dcim.rearport,1,smf-os2,MS3,1,m,connected
EAS102A/D03,dcim.frontport,A2,EAS102A/D03,dcim.rearport,2,smf-os2,MS3,1,m,connected
EAS102A/D03,dcim.frontport,A3,EAS102A/D03,dcim.rearport,3,smf-os2,MS3,1,m,connected
EAS102A/D03,dcim.frontport,A4,EAS102A/D03,dcim.rearport,4,smf-os2,MS3,1,m,connected
EAS102A/D03,dcim.frontport,A5,EAS102A/D03,dcim.rearport,5,smf-os2,MS3,1,m,connected
EAS102A/D03,dcim.frontport,A6,EAS102A/D03,dcim.rearport,6,smf-os2,MS3,1,m,connected
EAS102A/D03,dcim.frontport,A7,EAS102A/D03,dcim.rearport,7,smf-os2,MS3,1,m,connected
EAS102A/D03,dcim.frontport,A8,EAS102A/D03,dcim.rearport,8,smf-os2,MS3,1,m,connected
EAS102A/D03,dcim.frontport,A9,EAS102A/D03,dcim.rearport,9,smf-os2,MS3,1,m,planned
EAS102A/D03,dcim.frontport,A10,EAS102A/D03,dcim.rearport,10,smf-os2,MS3,1,m,planned
EAS102A/D03,dcim.frontport,A11,EAS102A/D03,dcim.rearport,11,smf-os2,MS3,1,m,planned
EAS102A/D03,dcim.frontport,A12,EAS102A/D03,dcim.rearport,12,smf-os2,MS3,1,m,planned
EAS102A/D03,dcim.frontport,A13,EAS102A/D03,dcim.rearport,13,smf-os2,MS3,1,m,planned
EAS102A/D03,dcim.frontport,A14,EAS102A/D03,dcim.rearport,14,smf-os2,MS3,1,m,planned
EAS102A/D03,dcim.frontport,A15,EAS102A/D03,dcim.rearport,15,smf-os2,MS3,1,m,planned
EAS102A/D03,dcim.frontport,A16,EAS102A/D03,dcim.rearport,16,smf-os2,MS3,1,m,planned
EAS102A/D03,dcim.frontport,A17,EAS102A/D03,dcim.rearport,17,smf-os2,MS3,1,m,planned
EAS102A/D03,dcim.frontport,A18,EAS102A/D03,dcim.rearport,18,smf-os2,MS3,1,m,planned
EAS102A/D03,dcim.frontport,01/01,EAS102A/D03,dcim.frontport,a1,smf-os2,MS3,1,m,connected
EAS102A/D03,dcim.frontport,01/02,EAS102A/D03,dcim.frontport,a4,smf-os2,MS3,1,m,connected
EAS102A/D03,dcim.frontport,01/03,EAS102A/D03,dcim.frontport,a7,smf-os2,MS3,1,m,connected
EAS102A/D03,dcim.frontport,01/04,EAS102A/D03,dcim.frontport,a10,smf-os2,MS3,1,m,connected
EAS102A/D03,dcim.frontport,02/01,EAS102A/D03,dcim.frontport,a13,smf-os2,MS3,1,m,connected
EAS102A/D03,dcim.frontport,02/02,EAS102A/D03,dcim.frontport,a16,smf-os2,MS3,1,m,connected
EAS102A/D03,dcim.frontport,02/03,EAS102A/D03,dcim.frontport,a19,smf-os2,MS3,1,m,connected
EAS102A/D03,dcim.frontport,02/04,EAS102A/D03,dcim.frontport,a22,smf-os2,MS3,1,m,connected
EAS102A/D03,dcim.frontport,03/01,EAS102A/D03,dcim.frontport,a25,smf-os2,MS3,1,m,connected
EAS102A/D03,dcim.frontport,03/02,EAS102A/D03,dcim.frontport,a28,smf-os2,MS3,1,m,connected
EAS102A/D03,dcim.frontport,03/03,EAS102A/D03,dcim.frontport,a31,smf-os2,MS3,1,m,connected
EAS102A/D03,dcim.frontport,03/04,EAS102A/D03,dcim.frontport,a34,smf-os2,MS3,1,m,connected
EAS102A/D03,dcim.frontport,04/01,EAS102A/D03,dcim.frontport,a37,smf-os2,MS3,1,m,connected
EAS102A/D03,dcim.frontport,04/02,EAS102A/D03,dcim.frontport,a40,smf-os2,MS3,1,m,connected
EAS102A/D03,dcim.frontport,04/03,EAS102A/D03,dcim.frontport,a43,smf-os2,MS3,1,m,connected
EAS102A/D03,dcim.frontport,04/04,EAS102A/D03,dcim.frontport,a46,smf-os2,MS3,1,m,connected
EAS102A/D03,dcim.frontport,05/01,EAS102A/D03,dcim.frontport,a49,smf-os2,MS3,1,m,connected
EAS102A/D03,dcim.frontport,05/02,EAS102A/D03,dcim.frontport,a52,smf-os2,MS3,1,m,connected
EAS102A/D03,dcim.frontport,05/03,EAS102A/D03,dcim.frontport,a55,smf-os2,MS3,1,m,connected
EAS102A/D03,dcim.frontport,05/04,EAS102A/D03,dcim.frontport,b58,smf-os2,MS3,1,m,connected
EAS102A/D03,dcim.frontport,06/01,EAS102A/D03,dcim.frontport,b1,smf-os2,MS3,1,m,connected
EAS102A/D03,dcim.frontport,06/02,EAS102A/D03,dcim.frontport,b4,smf-os2,MS3,1,m,connected
EAS102A/D03,dcim.frontport,06/03,EAS102A/D03,dcim.frontport,b7,smf-os2,MS3,1,m,connected
EAS102A/D03,dcim.frontport,06/04,EAS102A/D03,dcim.frontport,b10,smf-os2,MS3,1,m,connected
EAS102A/D03,dcim.frontport,07/01,EAS102A/D03,dcim.frontport,b13,smf-os2,MS3,1,m,connected
EAS102A/D03,dcim.frontport,07/02,EAS102A/D03,dcim.frontport,b16,smf-os2,MS3,1,m,connected
EAS102A/D03,dcim.frontport,07/03,EAS102A/D03,dcim.frontport,b19,smf-os2,MS3,1,m,connected
EAS102A/D03,dcim.frontport,07/04,EAS102A/D03,dcim.frontport,b22,smf-os2,MS3,1,m,connected
EAS102A/D03,dcim.frontport,08/01,EAS102A/D03,dcim.frontport,b25,smf-os2,MS3,1,m,connected
EAS102A/D03,dcim.frontport,08/02,EAS102A/D03,dcim.frontport,b28,smf-os2,MS3,1,m,connected
EAS102A/D03,dcim.frontport,08/03,EAS102A/D03,dcim.frontport,a31,smf-os2,MS3,1,m,connected
EAS102A/D03,dcim.frontport,08/04,EAS102A/D03,dcim.frontport,a2,smf-os2,MS3,1,m,planned
EAS102A/D03,dcim.frontport,09/01,EAS102A/D03,dcim.frontport,a5,smf-os2,MS3,1,m,planned
EAS102A/D03,dcim.frontport,09/02,EAS102A/D03,dcim.frontport,a8,smf-os2,MS3,1,m,planned
EAS102A/D03,dcim.frontport,09/03,EAS102A/D03,dcim.frontport,a11,smf-os2,MS3,1,m,planned
EAS102A/D03,dcim.frontport,09/04,EAS102A/D03,dcim.frontport,a14,smf-os2,MS3,1,m,planned
EAS102A/D03,dcim.frontport,10/01,EAS102A/D03,dcim.frontport,a17,smf-os2,MS3,1,m,planned
EAS102A/D03,dcim.frontport,10/02,EAS102A/D03,dcim.frontport,a20,smf-os2,MS3,1,m,planned
EAS102A/D03,dcim.frontport,10/03,EAS102A/D03,dcim.frontport,a23,smf-os2,MS3,1,m,planned
EAS102A/D03,dcim.frontport,10/04,EAS102A/D03,dcim.frontport,a29,smf-os2,MS3,1,m,planned
EAS102A/D03,dcim.frontport,11/01,EAS102A/D03,dcim.frontport,a32,smf-os2,MS3,1,m,planned
EAS102A/D03,dcim.frontport,11/02,EAS102A/D03,dcim.frontport,a35,smf-os2,MS3,1,m,planned
EAS102A/D03,dcim.frontport,11/03,EAS102A/D03,dcim.frontport,a38,smf-os2,MS3,1,m,planned
EAS102A/D03,dcim.frontport,11/04,EAS102A/D03,dcim.frontport,a41,smf-os2,MS3,1,m,planned
EAS102A/D03,dcim.frontport,12/01,EAS102A/D03,dcim.frontport,a44,smf-os2,MS3,1,m,planned
EAS102A/D03,dcim.frontport,12/02,EAS102A/D03,dcim.frontport,a47,smf-os2,MS3,1,m,planned
EAS102A/D03,dcim.frontport,12/03,EAS102A/D03,dcim.frontport,a50,smf-os2,MS3,1,m,planned
EAS102A/D03,dcim.frontport,12/04,EAS102A/D03,dcim.frontport,a53,smf-os2,MS3,1,m,planned
EAS102A/D03,dcim.frontport,13/01,EAS102A/D03,dcim.frontport,b56,smf-os2,MS3,1,m,planned
EAS102A/D03,dcim.frontport,13/02,EAS102A/D03,dcim.frontport,b59,smf-os2,MS3,1,m,planned
EAS102A/D03,dcim.frontport,13/03,EAS102A/D03,dcim.frontport,b2,smf-os2,MS3,1,m,planned
EAS102A/D03,dcim.frontport,13/04,EAS102A/D03,dcim.frontport,b5,smf-os2,MS3,1,m,planned
EAS102A/D03,dcim.frontport,14/01,EAS102A/D03,dcim.frontport,b8,smf-os2,MS3,1,m,planned
EAS102A/D03,dcim.frontport,14/02,EAS102A/D03,dcim.frontport,b11,smf-os2,MS3,1,m,planned
EAS102A/D03,dcim.frontport,14/03,EAS102A/D03,dcim.frontport,b14,smf-os2,MS3,1,m,planned
EAS102A/D03,dcim.frontport,14/04,EAS102A/D03,dcim.frontport,b17,smf-os2,MS3,1,m,planned
EAS102A/D03,dcim.frontport,15/01,EAS102A/D03,dcim.frontport,b20,smf-os2,MS3,1,m,planned
EAS102A/D03,dcim.frontport,15/02,EAS102A/D03,dcim.frontport,b23,smf-os2,MS3,1,m,planned
EAS102A/D03,dcim.frontport,15/03,EAS102A/D03,dcim.frontport,b26,smf-os2,MS3,1,m,planned
EAS102A/D03,dcim.frontport,15/04,EAS102A/D03,dcim.frontport,a29,smf-os2,MS3,1,m,planned
EAS102A/D03,dcim.frontport,16/01,EAS102A/D03,dcim.frontport,a32,smf-os2,MS3,1,m,planned
EAS102A/D03,dcim.frontport,16/02,EAS102A/D03,dcim.frontport,a9,smf-os2,MS3,1,m,planned
EAS102A/D03,dcim.frontport,16/03,EAS102A/D03,dcim.frontport,a12,smf-os2,MS3,1,m,planned
EAS102A/D03,dcim.frontport,16/04,EAS102A/D03,dcim.frontport,a24,smf-os2,MS3,1,m,planned
EAS102A/D03,dcim.frontport,17/01,EAS102A/D03,dcim.frontport,a48,smf-os2,MS3,1,m,planned
EAS102A/D03,dcim.frontport,17/02,EAS102A/D03,dcim.frontport,b51,smf-os2,MS3,1,m,planned
EAS102A/D03,dcim.frontport,17/03,EAS102A/D03,dcim.frontport,b57,smf-os2,MS3,1,m,planned
EAS102A/D03,dcim.frontport,17/04,EAS102A/D03,dcim.frontport,b6,smf-os2,MS3,1,m,planned
EAS102A/D03,dcim.frontport,18/01,EAS102A/D03,dcim.frontport,b12,smf-os2,MS3,1,m,planned
EAS102A/D03,dcim.frontport,18/02,EAS102A/D03,dcim.frontport,b18,smf-os2,MS3,1,m,planned
EAS102A/D03,dcim.frontport,18/03,EAS102A/D03,dcim.frontport,b21,smf-os2,MS3,1,m,planned