side_a_device,side_a_type,side_a_name,side_b_device,side_b_type,side_b_name,type,tenant,length,length_unit,status
EAS102B/D09,dcim.frontport,01/01,EAS102B/D09,dcim.frontport,a1,smf-os2,MS3,1,m,connected
EAS102B/D09,dcim.frontport,01/02,EAS102B/D09,dcim.frontport,a4,smf-os2,MS3,1,m,connected
EAS102B/D09,dcim.frontport,01/03,EAS102B/D09,dcim.frontport,a7,smf-os2,MS3,1,m,connected
EAS102B/D09,dcim.frontport,01/04,EAS102B/D09,dcim.frontport,a10,smf-os2,MS3,1,m,connected
EAS102B/D09,dcim.frontport,02/01,EAS102B/D09,dcim.frontport,a13,smf-os2,MS3,1,m,connected
EAS102B/D09,dcim.frontport,02/02,EAS102B/D09,dcim.frontport,a16,smf-os2,MS3,1,m,connected
EAS102B/D09,dcim.frontport,02/03,EAS102B/D09,dcim.frontport,a19,smf-os2,MS3,1,m,connected
EAS102B/D09,dcim.frontport,02/04,EAS102B/D09,dcim.frontport,a22,smf-os2,MS3,1,m,connected
EAS102B/D09,dcim.frontport,03/01,EAS102B/D09,dcim.frontport,a25,smf-os2,MS3,1,m,connected
EAS102B/D09,dcim.frontport,03/02,EAS102B/D09,dcim.frontport,a28,smf-os2,MS3,1,m,connected
EAS102B/D09,dcim.frontport,03/03,EAS102B/D09,dcim.frontport,a31,smf-os2,MS3,1,m,connected
EAS102B/D09,dcim.frontport,03/04,EAS102B/D09,dcim.frontport,a34,smf-os2,MS3,1,m,connected
EAS102B/D09,dcim.frontport,04/01,EAS102B/D09,dcim.frontport,a37,smf-os2,MS3,1,m,connected
EAS102B/D09,dcim.frontport,04/02,EAS102B/D09,dcim.frontport,a40,smf-os2,MS3,1,m,connected
EAS102B/D09,dcim.frontport,04/03,EAS102B/D09,dcim.frontport,a43,smf-os2,MS3,1,m,connected
EAS102B/D09,dcim.frontport,04/04,EAS102B/D09,dcim.frontport,a46,smf-os2,MS3,1,m,connected
EAS102B/D09,dcim.frontport,05/01,EAS102B/D09,dcim.frontport,b1,smf-os2,MS3,1,m,connected
EAS102B/D09,dcim.frontport,05/02,EAS102B/D09,dcim.frontport,b4,smf-os2,MS3,1,m,connected
EAS102B/D09,dcim.frontport,05/03,EAS102B/D09,dcim.frontport,b7,smf-os2,MS3,1,m,connected
EAS102B/D09,dcim.frontport,05/04,EAS102B/D09,dcim.frontport,b10,smf-os2,MS3,1,m,connected
EAS102B/D09,dcim.frontport,06/01,EAS102B/D09,dcim.frontport,b13,smf-os2,MS3,1,m,connected
EAS102B/D09,dcim.frontport,06/02,EAS102B/D09,dcim.frontport,b16,smf-os2,MS3,1,m,connected
EAS102B/D09,dcim.frontport,06/03,EAS102B/D09,dcim.frontport,b19,smf-os2,MS3,1,m,connected
EAS102B/D09,dcim.frontport,06/04,EAS102B/D09,dcim.frontport,b22,smf-os2,MS3,1,m,connected
EAS102B/D09,dcim.frontport,07/01,EAS102B/D09,dcim.frontport,b25,smf-os2,MS3,1,m,connected
EAS102B/D09,dcim.frontport,07/02,EAS102B/D09,dcim.frontport,b28,smf-os2,MS3,1,m,connected
EAS102B/D09,dcim.frontport,07/03,EAS102B/D09,dcim.frontport,b31,smf-os2,MS3,1,m,connected
EAS102B/D09,dcim.frontport,07/04,EAS102B/D09,dcim.frontport,b34,smf-os2,MS3,1,m,connected
EAS102B/D09,dcim.frontport,08/01,EAS102B/D09,dcim.frontport,b37,smf-os2,MS3,1,m,connected
EAS102B/D09,dcim.frontport,08/02,EAS102B/D09,dcim.frontport,b40,smf-os2,MS3,1,m,connected
EAS102B/D09,dcim.frontport,08/03,EAS102B/D09,dcim.frontport,b43,smf-os2,MS3,1,m,connected
EAS102B/D09,dcim.frontport,08/04,EAS102B/D09,dcim.frontport,b46,smf-os2,MS3,1,m,connected
EAS102B/D09,dcim.frontport,09/01,EAS102B/D09,dcim.frontport,c1,smf-os2,MS3,1,m,connected
EAS102B/D09,dcim.frontport,09/02,EAS102B/D09,dcim.frontport,a5,smf-os2,MS3,1,m,planned
EAS102B/D09,dcim.frontport,09/03,EAS102B/D09,dcim.frontport,a11,smf-os2,MS3,1,m,planned
EAS102B/D09,dcim.frontport,09/04,EAS102B/D09,dcim.frontport,a14,smf-os2,MS3,1,m,planned
EAS102B/D09,dcim.frontport,10/01,EAS102B/D09,dcim.frontport,a17,smf-os2,MS3,1,m,planned
EAS102B/D09,dcim.frontport,10/02,EAS102B/D09,dcim.frontport,a20,smf-os2,MS3,1,m,planned
EAS102B/D09,dcim.frontport,10/03,EAS102B/D09,dcim.frontport,a23,smf-os2,MS3,1,m,planned
EAS102B/D09,dcim.frontport,10/04,EAS102B/D09,dcim.frontport,a26,smf-os2,MS3,1,m,planned
EAS102B/D09,dcim.frontport,11/01,EAS102B/D09,dcim.frontport,a29,smf-os2,MS3,1,m,planned
EAS102B/D09,dcim.frontport,11/02,EAS102B/D09,dcim.frontport,a32,smf-os2,MS3,1,m,planned
EAS102B/D09,dcim.frontport,11/03,EAS102B/D09,dcim.frontport,a35,smf-os2,MS3,1,m,planned
EAS102B/D09,dcim.frontport,11/04,EAS102B/D09,dcim.frontport,a38,smf-os2,MS3,1,m,planned
EAS102B/D09,dcim.frontport,12/01,EAS102B/D09,dcim.frontport,a41,smf-os2,MS3,1,m,planned
EAS102B/D09,dcim.frontport,12/02,EAS102B/D09,dcim.frontport,a44,smf-os2,MS3,1,m,planned
EAS102B/D09,dcim.frontport,12/03,EAS102B/D09,dcim.frontport,a47,smf-os2,MS3,1,m,planned
EAS102B/D09,dcim.frontport,12/04,EAS102B/D09,dcim.frontport,b2,smf-os2,MS3,1,m,planned
EAS102B/D09,dcim.frontport,13/01,EAS102B/D09,dcim.frontport,b5,smf-os2,MS3,1,m,planned
EAS102B/D09,dcim.frontport,13/02,EAS102B/D09,dcim.frontport,b8,smf-os2,MS3,1,m,planned
EAS102B/D09,dcim.frontport,13/03,EAS102B/D09,dcim.frontport,b11,smf-os2,MS3,1,m,planned
EAS102B/D09,dcim.frontport,13/04,EAS102B/D09,dcim.frontport,b14,smf-os2,MS3,1,m,planned
EAS102B/D09,dcim.frontport,14/01,EAS102B/D09,dcim.frontport,b17,smf-os2,MS3,1,m,planned
EAS102B/D09,dcim.frontport,14/02,EAS102B/D09,dcim.frontport,b20,smf-os2,MS3,1,m,planned
EAS102B/D09,dcim.frontport,14/03,EAS102B/D09,dcim.frontport,b23,smf-os2,MS3,1,m,planned
EAS102B/D09,dcim.frontport,14/04,EAS102B/D09,dcim.frontport,b26,smf-os2,MS3,1,m,planned
EAS102B/D09,dcim.frontport,15/01,EAS102B/D09,dcim.frontport,b32,smf-os2,MS3,1,m,planned
EAS102B/D09,dcim.frontport,15/02,EAS102B/D09,dcim.frontport,b35,smf-os2,MS3,1,m,planned
EAS102B/D09,dcim.frontport,15/03,EAS102B/D09,dcim.frontport,b38,smf-os2,MS3,1,m,planned
EAS102B/D09,dcim.frontport,15/04,EAS102B/D09,dcim.frontport,b41,smf-os2,MS3,1,m,planned
EAS102B/D09,dcim.frontport,16/01,EAS102B/D09,dcim.frontport,b44,smf-os2,MS3,1,m,planned
EAS102B/D09,dcim.frontport,16/02,EAS102B/D09,dcim.frontport,b47,smf-os2,MS3,1,m,planned
EAS102B/D09,dcim.frontport,16/03,EAS102B/D09,dcim.frontport,c2,smf-os2,MS3,1,m,planned
EAS102B/D09,dcim.frontport,16/04,EAS102B/D09,dcim.frontport,a48,smf-os2,MS3,1,m,planned
EAS102B/D09,dcim.frontport,17/01,EAS102B/D09,dcim.frontport,b6,smf-os2,MS3,1,m,planned
EAS102B/D09,dcim.frontport,17/02,EAS102B/D09,dcim.frontport,b24,smf-os2,MS3,1,m,planned
EAS102B/D09,dcim.frontport,17/03,EAS102B/D09,dcim.frontport,b36,smf-os2,MS3,1,m,planned
EAS102B/D09,dcim.frontport,A73,EAS102B/D09,dcim.frontport,B73,smf-os2,MS3,0,m,connected
EAS102B/D09,dcim.frontport,A74,EAS102B/D09,dcim.frontport,B74,smf-os2,MS3,0,m,connected
EAS102B/D09,dcim.frontport,A75,EAS102B/D09,dcim.frontport,B75,smf-os2,MS3,0,m,connected
EAS102B/D09,dcim.frontport,A76,EAS102B/D09,dcim.frontport,B76,smf-os2,MS3,0,m,connected
EAS102B/D09,dcim.frontport,A77,EAS102B/D09,dcim.frontport,B77,smf-os2,MS3,0,m,connected
EAS102B/D09,dcim.frontport,A78,EAS102B/D09,dcim.frontport,B78,smf-os2,MS3,0,m,connected
EAS102B/D09,dcim.frontport,A79,EAS102B/D09,dcim.frontport,B79,smf-os2,MS3,0,m,connected
EAS102B/D09,dcim.frontport,A80,EAS102B/D09,dcim.frontport,B80,smf-os2,MS3,0,m,connected
EAS102B/D09,dcim.frontport,A81,EAS102B/D09,dcim.frontport,B81,smf-os2,MS3,0,m,connected
EAS102B/D09,dcim.frontport,A82,EAS102B/D09,dcim.frontport,B82,smf-os2,MS3,0,m,connected
EAS102B/D09,dcim.frontport,A83,EAS102B/D09,dcim.frontport,B83,smf-os2,MS3,0,m,connected
EAS102B/D09,dcim.frontport,A84,EAS102B/D09,dcim.frontport,B84,smf-os2,MS3,0,m,connected
EAS102B/D09,dcim.frontport,A85,EAS102B/D09,dcim.frontport,B85,smf-os2,MS3,0,m,connected
EAS102B/D09,dcim.frontport,A86,EAS102B/D09,dcim.frontport,B86,smf-os2,MS3,0,m,connected
EAS102B/D09,dcim.frontport,A87,EAS102B/D09,dcim.frontport,B87,smf-os2,MS3,0,m,connected
EAS102B/D09,dcim.frontport,A88,EAS102B/D09,dcim.frontport,B88,smf-os2,MS3,0,m,connected
EAS102B/D09,dcim.frontport,A89,EAS102B/D09,dcim.frontport,B89,smf-os2,MS3,0,m,connected
EAS102B/D09,dcim.frontport,A90,EAS102B/D09,dcim.frontport,B90,smf-os2,MS3,0,m,connected
EAS102B/D09,dcim.frontport,A91,EAS102B/D09,dcim.frontport,B91,smf-os2,MS3,0,m,connected
EAS102B/D09,dcim.frontport,A92,EAS102B/D09,dcim.frontport,B92,smf-os2,MS3,0,m,connected
EAS102B/D09,dcim.frontport,A93,EAS102B/D09,dcim.frontport,B93,smf-os2,MS3,0,m,connected
EAS102B/D09,dcim.frontport,A94,EAS102B/D09,dcim.frontport,B94,smf-os2,MS3,0,m,connected
EAS102B/D09,dcim.frontport,A95,EAS102B/D09,dcim.frontport,B95,smf-os2,MS3,0,m,connected
EAS102B/D09,dcim.frontport,A96,EAS102B/D09,dcim.frontport,B96,smf-os2,MS3,0,m,connected
EAS102B/D09,dcim.frontport,A49,EAS102B/D09,dcim.rearport,1,smf-os2,MS3,1,m,connected
EAS102B/D09,dcim.frontport,A50,EAS102B/D09,dcim.rearport,2,smf-os2,MS3,1,m,connected
EAS102B/D09,dcim.frontport,A51,EAS102B/D09,dcim.rearport,3,smf-os2,MS3,1,m,connected
EAS102B/D09,dcim.frontport,A52,EAS102B/D09,dcim.rearport,4,smf-os2,MS3,1,m,connected
EAS102B/D09,dcim.frontport,A53,EAS102B/D09,dcim.rearport,5,smf-os2,MS3,1,m,connected
EAS102B/D09,dcim.frontport,A54,EAS102B/D09,dcim.rearport,6,smf-os2,MS3,1,m,connected
EAS102B/D09,dcim.frontport,A55,EAS102B/D09,dcim.rearport,7,smf-os2,MS3,1,m,connected
EAS102B/D09,dcim.frontport,A56,EAS102B/D09,dcim.rearport,8,smf-os2,MS3,1,m,connected
EAS102B/D09,dcim.frontport,A57,EAS102B/D09,dcim.rearport,9,smf-os2,MS3,1,m,connected
EAS102B/D09,dcim.frontport,A58,EAS102B/D09,dcim.rearport,10,smf-os2,MS3,1,m,planned
EAS102B/D09,dcim.frontport,A59,EAS102B/D09,dcim.rearport,11,smf-os2,MS3,1,m,planned
EAS102B/D09,dcim.frontport,A60,EAS102B/D09,dcim.rearport,12,smf-os2,MS3,1,m,planned
EAS102B/D09,dcim.frontport,A61,EAS102B/D09,dcim.rearport,13,smf-os2,MS3,1,m,planned
EAS102B/D09,dcim.frontport,A62,EAS102B/D09,dcim.rearport,14,smf-os2,MS3,1,m,planned
EAS102B/D09,dcim.frontport,A63,EAS102B/D09,dcim.rearport,15,smf-os2,MS3,1,m,planned
EAS102B/D09,dcim.frontport,A64,EAS102B/D09,dcim.rearport,16,smf-os2,MS3,1,m,planned
EAS102B/D09,dcim.frontport,A65,EAS102B/D09,dcim.rearport,17,smf-os2,MS3,1,m,planned