side_a_device,side_a_type,side_a_name,side_b_device,side_b_type,side_b_name,type,tenant,length,length_unit,status
EAS102D/D17,dcim.frontport,01/01,EAS102D/D17,dcim.frontport,a1,smf-os2,MS3,1,m,connected
EAS102D/D17,dcim.frontport,01/02,EAS102D/D17,dcim.frontport,a4,smf-os2,MS3,1,m,connected
EAS102D/D17,dcim.frontport,01/03,EAS102D/D17,dcim.frontport,a7,smf-os2,MS3,1,m,connected
EAS102D/D17,dcim.frontport,01/04,EAS102D/D17,dcim.frontport,a10,smf-os2,MS3,1,m,connected
EAS102D/D17,dcim.frontport,02/01,EAS102D/D17,dcim.frontport,a13,smf-os2,MS3,1,m,connected
EAS102D/D17,dcim.frontport,02/02,EAS102D/D17,dcim.frontport,a16,smf-os2,MS3,1,m,connected
EAS102D/D17,dcim.frontport,02/03,EAS102D/D17,dcim.frontport,a19,smf-os2,MS3,1,m,connected
EAS102D/D17,dcim.frontport,02/04,EAS102D/D17,dcim.frontport,a22,smf-os2,MS3,1,m,connected
EAS102D/D17,dcim.frontport,03/01,EAS102D/D17,dcim.frontport,a25,smf-os2,MS3,1,m,connected
EAS102D/D17,dcim.frontport,03/02,EAS102D/D17,dcim.frontport,a28,smf-os2,MS3,1,m,connected
EAS102D/D17,dcim.frontport,03/03,EAS102D/D17,dcim.frontport,a31,smf-os2,MS3,1,m,connected
EAS102D/D17,dcim.frontport,03/04,EAS102D/D17,dcim.frontport,a34,smf-os2,MS3,1,m,connected
EAS102D/D17,dcim.frontport,04/01,EAS102D/D17,dcim.frontport,a37,smf-os2,MS3,1,m,connected
EAS102D/D17,dcim.frontport,04/02,EAS102D/D17,dcim.frontport,a40,smf-os2,MS3,1,m,connected
EAS102D/D17,dcim.frontport,04/03,EAS102D/D17,dcim.frontport,a43,smf-os2,MS3,1,m,connected
EAS102D/D17,dcim.frontport,04/04,EAS102D/D17,dcim.frontport,a46,smf-os2,MS3,1,m,planned
EAS102D/D17,dcim.frontport,05/01,EAS102D/D17,dcim.frontport,a49,smf-os2,MS3,1,m,connected
EAS102D/D17,dcim.frontport,05/02,EAS102D/D17,dcim.frontport,b1,smf-os2,MS3,1,m,connected
EAS102D/D17,dcim.frontport,05/03,EAS102D/D17,dcim.frontport,b4,smf-os2,MS3,1,m,connected
EAS102D/D17,dcim.frontport,05/04,EAS102D/D17,dcim.frontport,b7,smf-os2,MS3,1,m,connected
EAS102D/D17,dcim.frontport,06/01,EAS102D/D17,dcim.frontport,c1,smf-os2,MS3,1,m,connected
EAS102D/D17,dcim.frontport,06/02,EAS102D/D17,dcim.frontport,c4,smf-os2,MS3,1,m,connected
EAS102D/D17,dcim.frontport,06/03,EAS102D/D17,dcim.frontport,c7,smf-os2,MS3,1,m,connected
EAS102D/D17,dcim.frontport,06/04,EAS102D/D17,dcim.frontport,a5,smf-os2,MS3,1,m,planned
EAS102D/D17,dcim.frontport,07/01,EAS102D/D17,dcim.frontport,a8,smf-os2,MS3,1,m,planned
EAS102D/D17,dcim.frontport,07/02,EAS102D/D17,dcim.frontport,a11,smf-os2,MS3,1,m,planned
EAS102D/D17,dcim.frontport,07/03,EAS102D/D17,dcim.frontport,a17,smf-os2,MS3,1,m,planned
EAS102D/D17,dcim.frontport,07/04,EAS102D/D17,dcim.frontport,a20,smf-os2,MS3,1,m,planned
EAS102D/D17,dcim.frontport,08/01,EAS102D/D17,dcim.frontport,a26,smf-os2,MS3,1,m,planned
EAS102D/D17,dcim.frontport,08/02,EAS102D/D17,dcim.frontport,a29,smf-os2,MS3,1,m,planned
EAS102D/D17,dcim.frontport,08/03,EAS102D/D17,dcim.frontport,a32,smf-os2,MS3,1,m,planned
EAS102D/D17,dcim.frontport,08/04,EAS102D/D17,dcim.frontport,a35,smf-os2,MS3,1,m,planned
EAS102D/D17,dcim.frontport,09/01,EAS102D/D17,dcim.frontport,a38,smf-os2,MS3,1,m,planned
EAS102D/D17,dcim.frontport,09/02,EAS102D/D17,dcim.frontport,b2,smf-os2,MS3,1,m,planned
EAS102D/D17,dcim.frontport,09/03,EAS102D/D17,dcim.frontport,b5,smf-os2,MS3,1,m,planned
EAS102D/D17,dcim.frontport,09/04,EAS102D/D17,dcim.frontport,c2,smf-os2,MS3,1,m,planned
EAS102D/D17,dcim.frontport,10/01,EAS102D/D17,dcim.frontport,c5,smf-os2,MS3,1,m,planned
EAS102D/D17,dcim.frontport,10/02,EAS102D/D17,dcim.frontport,c8,smf-os2,MS3,1,m,planned
EAS102D/D17,dcim.frontport,10/03,EAS102D/D17,dcim.frontport,a33,smf-os2,MS3,1,m,planned
EAS102D/D17,dcim.frontport,10/04,EAS102D/D17,dcim.frontport,a36,smf-os2,MS3,1,m,planned
EAS102D/D17,dcim.frontport,A73,EAS102D/D17,dcim.frontport,B73,smf-os2,MS3,0,m,connected
EAS102D/D17,dcim.frontport,A74,EAS102D/D17,dcim.frontport,B74,smf-os2,MS3,0,m,connected
EAS102D/D17,dcim.frontport,A75,EAS102D/D17,dcim.frontport,B75,smf-os2,MS3,0,m,connected
EAS102D/D17,dcim.frontport,A76,EAS102D/D17,dcim.frontport,B76,smf-os2,MS3,0,m,connected
EAS102D/D17,dcim.frontport,A77,EAS102D/D17,dcim.frontport,B77,smf-os2,MS3,0,m,connected
EAS102D/D17,dcim.frontport,A78,EAS102D/D17,dcim.frontport,B78,smf-os2,MS3,0,m,connected
EAS102D/D17,dcim.frontport,A79,EAS102D/D17,dcim.frontport,B79,smf-os2,MS3,0,m,connected
EAS102D/D17,dcim.frontport,A80,EAS102D/D17,dcim.frontport,B80,smf-os2,MS3,0,m,connected
EAS102D/D17,dcim.frontport,A81,EAS102D/D17,dcim.frontport,B81,smf-os2,MS3,0,m,connected
EAS102D/D17,dcim.frontport,A82,EAS102D/D17,dcim.frontport,B82,smf-os2,MS3,0,m,connected
EAS102D/D17,dcim.frontport,A83,EAS102D/D17,dcim.frontport,B83,smf-os2,MS3,0,m,connected
EAS102D/D17,dcim.frontport,A84,EAS102D/D17,dcim.frontport,B84,smf-os2,MS3,0,m,connected
EAS102D/D17,dcim.frontport,A85,EAS102D/D17,dcim.frontport,B85,smf-os2,MS3,0,m,connected
EAS102D/D17,dcim.frontport,A86,EAS102D/D17,dcim.frontport,B86,smf-os2,MS3,0,m,connected
EAS102D/D17,dcim.frontport,A87,EAS102D/D17,dcim.frontport,B87,smf-os2,MS3,0,m,connected
EAS102D/D17,dcim.frontport,A88,EAS102D/D17,dcim.frontport,B88,smf-os2,MS3,0,m,connected
EAS102D/D17,dcim.frontport,A89,EAS102D/D17,dcim.frontport,B89,smf-os2,MS3,0,m,connected
EAS102D/D17,dcim.frontport,A90,EAS102D/D17,dcim.frontport,B90,smf-os2,MS3,0,m,connected
EAS102D/D17,dcim.frontport,A91,EAS102D/D17,dcim.frontport,B91,smf-os2,MS3,0,m,connected
EAS102D/D17,dcim.frontport,A92,EAS102D/D17,dcim.frontport,B92,smf-os2,MS3,0,m,connected
EAS102D/D17,dcim.frontport,A93,EAS102D/D17,dcim.frontport,B93,smf-os2,MS3,0,m,connected
EAS102D/D17,dcim.frontport,A94,EAS102D/D17,dcim.frontport,B94,smf-os2,MS3,0,m,connected
EAS102D/D17,dcim.frontport,A95,EAS102D/D17,dcim.frontport,B95,smf-os2,MS3,0,m,connected
EAS102D/D17,dcim.frontport,A96,EAS102D/D17,dcim.frontport,B96,smf-os2,MS3,0,m,connected
EAS102D/D17,dcim.frontport,A49,EAS102D/D17,dcim.rearport,1,smf-os2,MS3,1,m,connected
EAS102D/D17,dcim.frontport,A50,EAS102D/D17,dcim.rearport,2,smf-os2,MS3,1,m,connected
EAS102D/D17,dcim.frontport,A51,EAS102D/D17,dcim.rearport,3,smf-os2,MS3,1,m,connected
EAS102D/D17,dcim.frontport,A52,EAS102D/D17,dcim.rearport,4,smf-os2,MS3,1,m,connected
EAS102D/D17,dcim.frontport,A53,EAS102D/D17,dcim.rearport,5,smf-os2,MS3,1,m,connected
EAS102D/D17,dcim.frontport,A54,EAS102D/D17,dcim.rearport,6,smf-os2,MS3,1,m,connected
EAS102D/D17,dcim.frontport,A55,EAS102D/D17,dcim.rearport,7,smf-os2,MS3,1,m,planned
EAS102D/D17,dcim.frontport,A56,EAS102D/D17,dcim.rearport,8,smf-os2,MS3,1,m,planned
EAS102D/D17,dcim.frontport,A57,EAS102D/D17,dcim.rearport,9,smf-os2,MS3,1,m,planned
EAS102D/D17,dcim.frontport,A58,EAS102D/D17,dcim.rearport,10,smf-os2,MS3,1,m,planned