side_a_device,side_a_type,side_a_name,side_b_device,side_b_type,side_b_name,type,tenant,length,length_unit,status
EAS102C/D11,dcim.frontport,A1,EAS102C/D11,dcim.rearport,1,smf-os2,MS3,1,m,connected
EAS102C/D11,dcim.frontport,A2,EAS102C/D11,dcim.rearport,2,smf-os2,MS3,1,m,connected
EAS102C/D11,dcim.frontport,A3,EAS102C/D11,dcim.rearport,3,smf-os2,MS3,1,m,connected
EAS102C/D11,dcim.frontport,A4,EAS102C/D11,dcim.rearport,4,smf-os2,MS3,1,m,connected
EAS102C/D11,dcim.frontport,A5,EAS102C/D11,dcim.rearport,5,smf-os2,MS3,1,m,connected
EAS102C/D11,dcim.frontport,A6,EAS102C/D11,dcim.rearport,6,smf-os2,MS3,1,m,connected
EAS102C/D11,dcim.frontport,A7,EAS102C/D11,dcim.rearport,7,smf-os2,MS3,1,m,connected
EAS102C/D11,dcim.frontport,A8,EAS102C/D11,dcim.rearport,8,smf-os2,MS3,1,m,connected
EAS102C/D11,dcim.frontport,A9,EAS102C/D11,dcim.rearport,9,smf-os2,MS3,1,m,connected
EAS102C/D11,dcim.frontport,A10,EAS102C/D11,dcim.rearport,10,smf-os2,MS3,1,m,connected
EAS102C/D11,dcim.frontport,A11,EAS102C/D11,dcim.rearport,11,smf-os2,MS3,1,m,connected
EAS102C/D11,dcim.frontport,A12,EAS102C/D11,dcim.rearport,12,smf-os2,MS3,1,m,connected
EAS102C/D11,dcim.frontport,A13,EAS102C/D11,dcim.rearport,13,smf-os2,MS3,1,m,connected
EAS102C/D11,dcim.frontport,A14,EAS102C/D11,dcim.rearport,14,smf-os2,MS3,1,m,planned
EAS102C/D11,dcim.frontport,A15,EAS102C/D11,dcim.rearport,15,smf-os2,MS3,1,m,planned
EAS102C/D11,dcim.frontport,A16,EAS102C/D11,dcim.rearport,16,smf-os2,MS3,1,m,planned
EAS102C/D11,dcim.frontport,A17,EAS102C/D11,dcim.rearport,17,smf-os2,MS3,1,m,planned
EAS102C/D11,dcim.frontport,A18,EAS102C/D11,dcim.rearport,18,smf-os2,MS3,1,m,planned
EAS102C/D11,dcim.frontport,A19,EAS102C/D11,dcim.rearport,19,smf-os2,MS3,1,m,planned
EAS102C/D11,dcim.frontport,A20,EAS102C/D11,dcim.rearport,20,smf-os2,MS3,1,m,planned
EAS102C/D11,dcim.frontport,01-Jan,EAS102C/D11,dcim.frontport,a1,smf-os2,MS3,1,m,connected
EAS102C/D11,dcim.frontport,01-Feb,EAS102C/D11,dcim.frontport,a4,smf-os2,MS3,1,m,connected
EAS102C/D11,dcim.frontport,01-Mar,EAS102C/D11,dcim.frontport,a7,smf-os2,MS3,1,m,connected
EAS102C/D11,dcim.frontport,01-Apr,EAS102C/D11,dcim.frontport,a10,smf-os2,MS3,1,m,connected
EAS102C/D11,dcim.frontport,02-Jan,EAS102C/D11,dcim.frontport,a13,smf-os2,MS3,1,m,connected
EAS102C/D11,dcim.frontport,02-Feb,EAS102C/D11,dcim.frontport,a16,smf-os2,MS3,1,m,connected
EAS102C/D11,dcim.frontport,02-Mar,EAS102C/D11,dcim.frontport,a19,smf-os2,MS3,1,m,connected
EAS102C/D11,dcim.frontport,02-Apr,EAS102C/D11,dcim.frontport,a22,smf-os2,MS3,1,m,connected
EAS102C/D11,dcim.frontport,03-Jan,EAS102C/D11,dcim.frontport,a25,smf-os2,MS3,1,m,connected
EAS102C/D11,dcim.frontport,03-Feb,EAS102C/D11,dcim.frontport,a28,smf-os2,MS3,1,m,connected
EAS102C/D11,dcim.frontport,03-Mar,EAS102C/D11,dcim.frontport,a31,smf-os2,MS3,1,m,connected
EAS102C/D11,dcim.frontport,03-Apr,EAS102C/D11,dcim.frontport,a34,smf-os2,MS3,1,m,connected
EAS102C/D11,dcim.frontport,04-Jan,EAS102C/D11,dcim.frontport,a37,smf-os2,MS3,1,m,connected
EAS102C/D11,dcim.frontport,04-Feb,EAS102C/D11,dcim.frontport,a40,smf-os2,MS3,1,m,connected
EAS102C/D11,dcim.frontport,04-Mar,EAS102C/D11,dcim.frontport,a43,smf-os2,MS3,1,m,connected
EAS102C/D11,dcim.frontport,04-Apr,EAS102C/D11,dcim.frontport,a46,smf-os2,MS3,1,m,connected
EAS102C/D11,dcim.frontport,05-Jan,EAS102C/D11,dcim.frontport,a49,smf-os2,MS3,1,m,connected
EAS102C/D11,dcim.frontport,05-Feb,EAS102C/D11,dcim.frontport,a52,smf-os2,MS3,1,m,connected
EAS102C/D11,dcim.frontport,05-Mar,EAS102C/D11,dcim.frontport,a55,smf-os2,MS3,1,m,connected
EAS102C/D11,dcim.frontport,05-Apr,EAS102C/D11,dcim.frontport,a58,smf-os2,MS3,1,m,connected
EAS102C/D11,dcim.frontport,06-Jan,EAS102C/D11,dcim.frontport,a61,smf-os2,MS3,1,m,connected
EAS102C/D11,dcim.frontport,06-Feb,EAS102C/D11,dcim.frontport,a64,smf-os2,MS3,1,m,connected
EAS102C/D11,dcim.frontport,06-Mar,EAS102C/D11,dcim.frontport,a67,smf-os2,MS3,1,m,connected
EAS102C/D11,dcim.frontport,06-Apr,EAS102C/D11,dcim.frontport,a70,smf-os2,MS3,1,m,connected
EAS102C/D11,dcim.frontport,07-Jan,EAS102C/D11,dcim.frontport,a73,smf-os2,MS3,1,m,connected
EAS102C/D11,dcim.frontport,07-Feb,EAS102C/D11,dcim.frontport,b1,smf-os2,MS3,1,m,connected
EAS102C/D11,dcim.frontport,07-Mar,EAS102C/D11,dcim.frontport,b4,smf-os2,MS3,1,m,connected
EAS102C/D11,dcim.frontport,07-Apr,EAS102C/D11,dcim.frontport,b7,smf-os2,MS3,1,m,connected
EAS102C/D11,dcim.frontport,08-Jan,EAS102C/D11,dcim.frontport,b10,smf-os2,MS3,1,m,connected
EAS102C/D11,dcim.frontport,08-Feb,EAS102C/D11,dcim.frontport,b13,smf-os2,MS3,1,m,connected
EAS102C/D11,dcim.frontport,08-Mar,EAS102C/D11,dcim.frontport,b16,smf-os2,MS3,1,m,connected
EAS102C/D11,dcim.frontport,08-Apr,EAS102C/D11,dcim.frontport,b19,smf-os2,MS3,1,m,connected
EAS102C/D11,dcim.frontport,09-Jan,EAS102C/D11,dcim.frontport,b22,smf-os2,MS3,1,m,connected
EAS102C/D11,dcim.frontport,09-Feb,EAS102C/D11,dcim.frontport,b25,smf-os2,MS3,1,m,connected
EAS102C/D11,dcim.frontport,09-Mar,EAS102C/D11,dcim.frontport,b28,smf-os2,MS3,1,m,connected
EAS102C/D11,dcim.frontport,09-Apr,EAS102C/D11,dcim.frontport,b31,smf-os2,MS3,1,m,connected
EAS102C/D11,dcim.frontport,10-Jan,EAS102C/D11,dcim.frontport,b34,smf-os2,MS3,1,m,connected
EAS102C/D11,dcim.frontport,10-Feb,EAS102C/D11,dcim.frontport,c1,smf-os2,MS3,1,m,connected
EAS102C/D11,dcim.frontport,10-Mar,EAS102C/D11,dcim.frontport,c4,smf-os2,MS3,1,m,connected
EAS102C/D11,dcim.frontport,10-Apr,EAS102C/D11,dcim.frontport,c7,smf-os2,MS3,1,m,connected
EAS102C/D11,dcim.frontport,11-Jan,EAS102C/D11,dcim.frontport,c10,smf-os2,MS3,1,m,connected
EAS102C/D11,dcim.frontport,11-Feb,EAS102C/D11,dcim.frontport,c13,smf-os2,MS3,1,m,connected
EAS102C/D11,dcim.frontport,11-Mar,EAS102C/D11,dcim.frontport,c16,smf-os2,MS3,1,m,connected
EAS102C/D11,dcim.frontport,11-Apr,EAS102C/D11,dcim.frontport,c19,smf-os2,MS3,1,m,connected
EAS102C/D11,dcim.frontport,12-Jan,EAS102C/D11,dcim.frontport,c22,smf-os2,MS3,1,m,connected
EAS102C/D11,dcim.frontport,12-Feb,EAS102C/D11,dcim.frontport,c25,smf-os2,MS3,1,m,connected
EAS102C/D11,dcim.frontport,12-Mar,EAS102C/D11,dcim.frontport,c28,smf-os2,MS3,1,m,connected
EAS102C/D11,dcim.frontport,12-Apr,EAS102C/D11,dcim.frontport,c31,smf-os2,MS3,1,m,connected
EAS102C/D11,dcim.frontport,13-Jan,EAS102C/D11,dcim.frontport,a38,smf-os2,MS3,1,m,connected
EAS102C/D11,dcim.frontport,13-Feb,EAS102C/D11,dcim.frontport,a2,smf-os2,MS3,1,m,planned
EAS102C/D11,dcim.frontport,13-Mar,EAS102C/D11,dcim.frontport,a5,smf-os2,MS3,1,m,planned
EAS102C/D11,dcim.frontport,13-Apr,EAS102C/D11,dcim.frontport,a8,smf-os2,MS3,1,m,planned
EAS102C/D11,dcim.frontport,14-Jan,EAS102C/D11,dcim.frontport,a14,smf-os2,MS3,1,m,planned
EAS102C/D11,dcim.frontport,14-Feb,EAS102C/D11,dcim.frontport,a17,smf-os2,MS3,1,m,planned
EAS102C/D11,dcim.frontport,14-Mar,EAS102C/D11,dcim.frontport,a20,smf-os2,MS3,1,m,planned
EAS102C/D11,dcim.frontport,14-Apr,EAS102C/D11,dcim.frontport,a23,smf-os2,MS3,1,m,planned
EAS102C/D11,dcim.frontport,15-Jan,EAS102C/D11,dcim.frontport,a26,smf-os2,MS3,1,m,planned
EAS102C/D11,dcim.frontport,15-Feb,EAS102C/D11,dcim.frontport,a32,smf-os2,MS3,1,m,planned
EAS102C/D11,dcim.frontport,15-Mar,EAS102C/D11,dcim.frontport,a35,smf-os2,MS3,1,m,planned
EAS102C/D11,dcim.frontport,15-Apr,EAS102C/D11,dcim.frontport,a41,smf-os2,MS3,1,m,planned
EAS102C/D11,dcim.frontport,16-Jan,EAS102C/D11,dcim.frontport,a47,smf-os2,MS3,1,m,planned
EAS102C/D11,dcim.frontport,16-Feb,EAS102C/D11,dcim.frontport,a56,smf-os2,MS3,1,m,planned
EAS102C/D11,dcim.frontport,16-Mar,EAS102C/D11,dcim.frontport,a59,smf-os2,MS3,1,m,planned
EAS102C/D11,dcim.frontport,16-Apr,EAS102C/D11,dcim.frontport,a62,smf-os2,MS3,1,m,planned
EAS102C/D11,dcim.frontport,17-Jan,EAS102C/D11,dcim.frontport,b2,smf-os2,MS3,1,m,planned
EAS102C/D11,dcim.frontport,17-Feb,EAS102C/D11,dcim.frontport,b5,smf-os2,MS3,1,m,planned
EAS102C/D11,dcim.frontport,17-Mar,EAS102C/D11,dcim.frontport,b8,smf-os2,MS3,1,m,planned
EAS102C/D11,dcim.frontport,17-Apr,EAS102C/D11,dcim.frontport,b11,smf-os2,MS3,1,m,planned
EAS102C/D11,dcim.frontport,18-Jan,EAS102C/D11,dcim.frontport,b14,smf-os2,MS3,1,m,planned
EAS102C/D11,dcim.frontport,18-Feb,EAS102C/D11,dcim.frontport,b17,smf-os2,MS3,1,m,planned
EAS102C/D11,dcim.frontport,18-Mar,EAS102C/D11,dcim.frontport,b35,smf-os2,MS3,1,m,planned
EAS102C/D11,dcim.frontport,18-Apr,EAS102C/D11,dcim.frontport,c8,smf-os2,MS3,1,m,planned
EAS102C/D11,dcim.frontport,19-Jan,EAS102C/D11,dcim.frontport,c17,smf-os2,MS3,1,m,planned
EAS102C/D11,dcim.frontport,19-Feb,EAS102C/D11,dcim.frontport,c23,smf-os2,MS3,1,m,planned
EAS102C/D11,dcim.frontport,19-Mar,EAS102C/D11,dcim.frontport,c29,smf-os2,MS3,1,m,planned
EAS102C/D11,dcim.frontport,19-Apr,EAS102C/D11,dcim.frontport,c32,smf-os2,MS3,1,m,planned
EAS102C/D11,dcim.frontport,20-Jan,EAS102C/D11,dcim.frontport,a6,smf-os2,MS3,1,m,planned
EAS102C/D11,dcim.frontport,20-Feb,EAS102C/D11,dcim.frontport,a9,smf-os2,MS3,1,m,planned
EAS102C/D11,dcim.frontport,20-Mar,EAS102C/D11,dcim.frontport,a15,smf-os2,MS3,1,m,planned
EAS102C/D11,dcim.frontport,20-Apr,EAS102C/D11,dcim.frontport,a18,smf-os2,MS3,1,m,planned
EAS102C/D11,dcim.frontport,A25,EAS102C/D11,dcim.frontport,B1,smf-os2,MS3,0,m,connected
EAS102C/D11,dcim.frontport,A26,EAS102C/D11,dcim.frontport,B2,smf-os2,MS3,0,m,connected
EAS102C/D11,dcim.frontport,A27,EAS102C/D11,dcim.frontport,B3,smf-os2,MS3,0,m,connected
EAS102C/D11,dcim.frontport,A28,EAS102C/D11,dcim.frontport,B4,smf-os2,MS3,0,m,connected
EAS102C/D11,dcim.frontport,A29,EAS102C/D11,dcim.frontport,B5,smf-os2,MS3,0,m,connected
EAS102C/D11,dcim.frontport,A30,EAS102C/D11,dcim.frontport,B6,smf-os2,MS3,0,m,connected
EAS102C/D11,dcim.frontport,A31,EAS102C/D11,dcim.frontport,B7,smf-os2,MS3,0,m,connected
EAS102C/D11,dcim.frontport,A32,EAS102C/D11,dcim.frontport,B8,smf-os2,MS3,0,m,connected
EAS102C/D11,dcim.frontport,A33,EAS102C/D11,dcim.frontport,B9,smf-os2,MS3,0,m,connected
EAS102C/D11,dcim.frontport,A34,EAS102C/D11,dcim.frontport,B10,smf-os2,MS3,0,m,connected
EAS102C/D11,dcim.frontport,A35,EAS102C/D11,dcim.frontport,B11,smf-os2,MS3,0,m,connected
EAS102C/D11,dcim.frontport,A36,EAS102C/D11,dcim.frontport,B12,smf-os2,MS3,0,m,connected
EAS102C/D11,dcim.frontport,A37,EAS102C/D11,dcim.frontport,B13,smf-os2,MS3,0,m,connected
EAS102C/D11,dcim.frontport,A38,EAS102C/D11,dcim.frontport,B14,smf-os2,MS3,0,m,connected
EAS102C/D11,dcim.frontport,A39,EAS102C/D11,dcim.frontport,B15,smf-os2,MS3,0,m,connected
EAS102C/D11,dcim.frontport,A40,EAS102C/D11,dcim.frontport,B16,smf-os2,MS3,0,m,connected
EAS102C/D11,dcim.frontport,A41,EAS102C/D11,dcim.frontport,B17,smf-os2,MS3,0,m,connected
EAS102C/D11,dcim.frontport,A42,EAS102C/D11,dcim.frontport,B18,smf-os2,MS3,0,m,connected
EAS102C/D11,dcim.frontport,A43,EAS102C/D11,dcim.frontport,B19,smf-os2,MS3,0,m,connected
EAS102C/D11,dcim.frontport,A44,EAS102C/D11,dcim.frontport,B20,smf-os2,MS3,0,m,connected
EAS102C/D11,dcim.frontport,A45,EAS102C/D11,dcim.frontport,B21,smf-os2,MS3,0,m,connected
EAS102C/D11,dcim.frontport,A46,EAS102C/D11,dcim.frontport,B22,smf-os2,MS3,0,m,connected
EAS102C/D11,dcim.frontport,A47,EAS102C/D11,dcim.frontport,B23,smf-os2,MS3,0,m,connected
EAS102C/D11,dcim.frontport,A48,EAS102C/D11,dcim.frontport,B24,smf-os2,MS3,0,m,connected
EAS102C/D11,dcim.frontport,A49,EAS102C/D11,dcim.frontport,C1,smf-os2,MS3,0,m,connected
EAS102C/D11,dcim.frontport,A50,EAS102C/D11,dcim.frontport,C2,smf-os2,MS3,0,m,connected
EAS102C/D11,dcim.frontport,A51,EAS102C/D11,dcim.frontport,C3,smf-os2,MS3,0,m,connected
EAS102C/D11,dcim.frontport,A52,EAS102C/D11,dcim.frontport,C4,smf-os2,MS3,0,m,connected
EAS102C/D11,dcim.frontport,A53,EAS102C/D11,dcim.frontport,C5,smf-os2,MS3,0,m,connected
EAS102C/D11,dcim.frontport,A54,EAS102C/D11,dcim.frontport,C6,smf-os2,MS3,0,m,connected
EAS102C/D11,dcim.frontport,A55,EAS102C/D11,dcim.frontport,C7,smf-os2,MS3,0,m,connected
EAS102C/D11,dcim.frontport,A56,EAS102C/D11,dcim.frontport,C8,smf-os2,MS3,0,m,connected
EAS102C/D11,dcim.frontport,A57,EAS102C/D11,dcim.frontport,C9,smf-os2,MS3,0,m,connected
EAS102C/D11,dcim.frontport,A58,EAS102C/D11,dcim.frontport,C10,smf-os2,MS3,0,m,connected
EAS102C/D11,dcim.frontport,A59,EAS102C/D11,dcim.frontport,C11,smf-os2,MS3,0,m,connected
EAS102C/D11,dcim.frontport,A60,EAS102C/D11,dcim.frontport,C12,smf-os2,MS3,0,m,connected
EAS102C/D11,dcim.frontport,A61,EAS102C/D11,dcim.frontport,C13,smf-os2,MS3,0,m,connected
EAS102C/D11,dcim.frontport,A62,EAS102C/D11,dcim.frontport,C14,smf-os2,MS3,0,m,connected
EAS102C/D11,dcim.frontport,A63,EAS102C/D11,dcim.frontport,C15,smf-os2,MS3,0,m,connected
EAS102C/D11,dcim.frontport,A64,EAS102C/D11,dcim.frontport,C16,smf-os2,MS3,0,m,connected
EAS102C/D11,dcim.frontport,A65,EAS102C/D11,dcim.frontport,C17,smf-os2,MS3,0,m,connected
EAS102C/D11,dcim.frontport,A66,EAS102C/D11,dcim.frontport,C18,smf-os2,MS3,0,m,connected
EAS102C/D11,dcim.frontport,A67,EAS102C/D11,dcim.frontport,C19,smf-os2,MS3,0,m,connected
EAS102C/D11,dcim.frontport,A68,EAS102C/D11,dcim.frontport,C20,smf-os2,MS3,0,m,connected
EAS102C/D11,dcim.frontport,A69,EAS102C/D11,dcim.frontport,C21,smf-os2,MS3,0,m,connected
EAS102C/D11,dcim.frontport,A70,EAS102C/D11,dcim.frontport,C22,smf-os2,MS3,0,m,connected
EAS102C/D11,dcim.frontport,A71,EAS102C/D11,dcim.frontport,C23,smf-os2,MS3,0,m,connected
EAS102C/D11,dcim.frontport,A72,EAS102C/D11,dcim.frontport,C24,smf-os2,MS3,0,m,connected
EAS102C/D11,dcim.frontport,A73,EAS102C/D11,dcim.frontport,C25,smf-os2,MS3,0,m,connected
EAS102C/D11,dcim.frontport,A74,EAS102C/D11,dcim.frontport,C26,smf-os2,MS3,0,m,connected
EAS102C/D11,dcim.frontport,A75,EAS102C/D11,dcim.frontport,C27,smf-os2,MS3,0,m,connected
EAS102C/D11,dcim.frontport,A76,EAS102C/D11,dcim.frontport,C28,smf-os2,MS3,0,m,connected
EAS102C/D11,dcim.frontport,A77,EAS102C/D11,dcim.frontport,C29,smf-os2,MS3,0,m,connected
EAS102C/D11,dcim.frontport,A78,EAS102C/D11,dcim.frontport,C30,smf-os2,MS3,0,m,connected
EAS102C/D11,dcim.frontport,A79,EAS102C/D11,dcim.frontport,C31,smf-os2,MS3,0,m,connected
EAS102C/D11,dcim.frontport,A80,EAS102C/D11,dcim.frontport,C32,smf-os2,MS3,0,m,connected
EAS102C/D11,dcim.frontport,A81,EAS102C/D11,dcim.frontport,C33,smf-os2,MS3,0,m,connected
EAS102C/D11,dcim.frontport,A82,EAS102C/D11,dcim.frontport,C34,smf-os2,MS3,0,m,connected
EAS102C/D11,dcim.frontport,A83,EAS102C/D11,dcim.frontport,C35,smf-os2,MS3,0,m,connected
EAS102C/D11,dcim.frontport,A84,EAS102C/D11,dcim.frontport,C36,smf-os2,MS3,0,m,connected
EAS102C/D11,dcim.frontport,A85,EAS102C/D11,dcim.frontport,C37,smf-os2,MS3,0,m,connected
EAS102C/D11,dcim.frontport,A86,EAS102C/D11,dcim.frontport,C38,smf-os2,MS3,0,m,connected
EAS102C/D11,dcim.frontport,A87,EAS102C/D11,dcim.frontport,C39,smf-os2,MS3,0,m,connected
EAS102C/D11,dcim.frontport,A88,EAS102C/D11,dcim.frontport,C40,smf-os2,MS3,0,m,connected
EAS102C/D11,dcim.frontport,A89,EAS102C/D11,dcim.frontport,C41,smf-os2,MS3,0,m,connected
EAS102C/D11,dcim.frontport,A90,EAS102C/D11,dcim.frontport,C42,smf-os2,MS3,0,m,connected
EAS102C/D11,dcim.frontport,A91,EAS102C/D11,dcim.frontport,C43,smf-os2,MS3,0,m,connected
EAS102C/D11,dcim.frontport,A92,EAS102C/D11,dcim.frontport,C44,smf-os2,MS3,0,m,connected
EAS102C/D11,dcim.frontport,A93,EAS102C/D11,dcim.frontport,C45,smf-os2,MS3,0,m,connected
EAS102C/D11,dcim.frontport,A94,EAS102C/D11,dcim.frontport,C46,smf-os2,MS3,0,m,connected
EAS102C/D11,dcim.frontport,A95,EAS102C/D11,dcim.frontport,C47,smf-os2,MS3,0,m,connected
EAS102C/D11,dcim.frontport,A96,EAS102C/D11,dcim.frontport,C48,smf-os2,MS3,0,m,connected
