side_a_device,side_a_type,side_a_name,side_b_device,side_b_type,side_b_name,type,tenant,length,length_unit,status
EAS102B/D06,dcim.frontport,A1,EAS102B/D06,dcim.rearport,1,smf-os2,MS3,1,m,connected
EAS102B/D06,dcim.frontport,A2,EAS102B/D06,dcim.rearport,2,smf-os2,MS3,1,m,connected
EAS102B/D06,dcim.frontport,A3,EAS102B/D06,dcim.rearport,3,smf-os2,MS3,1,m,connected
EAS102B/D06,dcim.frontport,A4,EAS102B/D06,dcim.rearport,4,smf-os2,MS3,1,m,connected
EAS102B/D06,dcim.frontport,A5,EAS102B/D06,dcim.rearport,5,smf-os2,MS3,1,m,connected
EAS102B/D06,dcim.frontport,A6,EAS102B/D06,dcim.rearport,6,smf-os2,MS3,1,m,connected
EAS102B/D06,dcim.frontport,A7,EAS102B/D06,dcim.rearport,7,smf-os2,MS3,1,m,connected
EAS102B/D06,dcim.frontport,A8,EAS102B/D06,dcim.rearport,8,smf-os2,MS3,1,m,connected
EAS102B/D06,dcim.frontport,A9,EAS102B/D06,dcim.rearport,9,smf-os2,MS3,1,m,connected
EAS102B/D06,dcim.frontport,A10,EAS102B/D06,dcim.rearport,10,smf-os2,MS3,1,m,connected
EAS102B/D06,dcim.frontport,A11,EAS102B/D06,dcim.rearport,11,smf-os2,MS3,1,m,planned
EAS102B/D06,dcim.frontport,A12,EAS102B/D06,dcim.rearport,12,smf-os2,MS3,1,m,planned
EAS102B/D06,dcim.frontport,A13,EAS102B/D06,dcim.rearport,13,smf-os2,MS3,1,m,planned
EAS102B/D06,dcim.frontport,A14,EAS102B/D06,dcim.rearport,14,smf-os2,MS3,1,m,planned
EAS102B/D06,dcim.frontport,A15,EAS102B/D06,dcim.rearport,15,smf-os2,MS3,1,m,planned
EAS102B/D06,dcim.frontport,A16,EAS102B/D06,dcim.rearport,16,smf-os2,MS3,1,m,planned
EAS102B/D06,dcim.frontport,A17,EAS102B/D06,dcim.rearport,17,smf-os2,MS3,1,m,planned
EAS102B/D06,dcim.frontport,A18,EAS102B/D06,dcim.rearport,18,smf-os2,MS3,1,m,planned
EAS102B/D06,dcim.frontport,A19,EAS102B/D06,dcim.rearport,19,smf-os2,MS3,1,m,planned
EAS102B/D06,dcim.frontport,A20,EAS102B/D06,dcim.rearport,20,smf-os2,MS3,1,m,planned
EAS102B/D06,dcim.frontport,A21,EAS102B/D06,dcim.rearport,21,smf-os2,MS3,1,m,planned
EAS102B/D06,dcim.frontport,01/01,EAS102B/D06,dcim.frontport,a1,smf-os2,MS3,1,m,connected
EAS102B/D06,dcim.frontport,01/02,EAS102B/D06,dcim.frontport,a4,smf-os2,MS3,1,m,connected
EAS102B/D06,dcim.frontport,01/03,EAS102B/D06,dcim.frontport,a7,smf-os2,MS3,1,m,connected
EAS102B/D06,dcim.frontport,01/04,EAS102B/D06,dcim.frontport,a10,smf-os2,MS3,1,m,connected
EAS102B/D06,dcim.frontport,02/01,EAS102B/D06,dcim.frontport,a13,smf-os2,MS3,1,m,connected
EAS102B/D06,dcim.frontport,02/02,EAS102B/D06,dcim.frontport,a16,smf-os2,MS3,1,m,connected
EAS102B/D06,dcim.frontport,02/03,EAS102B/D06,dcim.frontport,a19,smf-os2,MS3,1,m,connected
EAS102B/D06,dcim.frontport,02/04,EAS102B/D06,dcim.frontport,a22,smf-os2,MS3,1,m,connected
EAS102B/D06,dcim.frontport,03/01,EAS102B/D06,dcim.frontport,a25,smf-os2,MS3,1,m,connected
EAS102B/D06,dcim.frontport,03/02,EAS102B/D06,dcim.frontport,a28,smf-os2,MS3,1,m,connected
EAS102B/D06,dcim.frontport,03/03,EAS102B/D06,dcim.frontport,a31,smf-os2,MS3,1,m,connected
EAS102B/D06,dcim.frontport,03/04,EAS102B/D06,dcim.frontport,a34,smf-os2,MS3,1,m,connected
EAS102B/D06,dcim.frontport,04/01,EAS102B/D06,dcim.frontport,a37,smf-os2,MS3,1,m,connected
EAS102B/D06,dcim.frontport,04/02,EAS102B/D06,dcim.frontport,a40,smf-os2,MS3,1,m,connected
EAS102B/D06,dcim.frontport,04/03,EAS102B/D06,dcim.frontport,a43,smf-os2,MS3,1,m,connected
EAS102B/D06,dcim.frontport,04/04,EAS102B/D06,dcim.frontport,a46,smf-os2,MS3,1,m,connected
EAS102B/D06,dcim.frontport,05/01,EAS102B/D06,dcim.frontport,a49,smf-os2,MS3,1,m,connected
EAS102B/D06,dcim.frontport,05/02,EAS102B/D06,dcim.frontport,a52,smf-os2,MS3,1,m,connected
EAS102B/D06,dcim.frontport,05/03,EAS102B/D06,dcim.frontport,a55,smf-os2,MS3,1,m,connected
EAS102B/D06,dcim.frontport,05/04,EAS102B/D06,dcim.frontport,a58,smf-os2,MS3,1,m,connected
EAS102B/D06,dcim.frontport,06/01,EAS102B/D06,dcim.frontport,a61,smf-os2,MS3,1,m,connected
EAS102B/D06,dcim.frontport,06/02,EAS102B/D06,dcim.frontport,a64,smf-os2,MS3,1,m,connected
EAS102B/D06,dcim.frontport,06/03,EAS102B/D06,dcim.frontport,b1,smf-os2,MS3,1,m,connected
EAS102B/D06,dcim.frontport,06/04,EAS102B/D06,dcim.frontport,b4,smf-os2,MS3,1,m,connected
EAS102B/D06,dcim.frontport,07/01,EAS102B/D06,dcim.frontport,b7,smf-os2,MS3,1,m,connected
EAS102B/D06,dcim.frontport,07/02,EAS102B/D06,dcim.frontport,b10,smf-os2,MS3,1,m,connected
EAS102B/D06,dcim.frontport,07/03,EAS102B/D06,dcim.frontport,b13,smf-os2,MS3,1,m,connected
EAS102B/D06,dcim.frontport,07/04,EAS102B/D06,dcim.frontport,b16,smf-os2,MS3,1,m,connected
EAS102B/D06,dcim.frontport,08/01,EAS102B/D06,dcim.frontport,b19,smf-os2,MS3,1,m,connected
EAS102B/D06,dcim.frontport,08/02,EAS102B/D06,dcim.frontport,b22,smf-os2,MS3,1,m,connected
EAS102B/D06,dcim.frontport,08/03,EAS102B/D06,dcim.frontport,b25,smf-os2,MS3,1,m,connected
EAS102B/D06,dcim.frontport,08/04,EAS102B/D06,dcim.frontport,b28,smf-os2,MS3,1,m,connected
EAS102B/D06,dcim.frontport,09/01,EAS102B/D06,dcim.frontport,b31,smf-os2,MS3,1,m,connected
EAS102B/D06,dcim.frontport,09/02,EAS102B/D06,dcim.frontport,b34,smf-os2,MS3,1,m,connected
EAS102B/D06,dcim.frontport,09/03,EAS102B/D06,dcim.frontport,b37,smf-os2,MS3,1,m,connected
EAS102B/D06,dcim.frontport,09/04,EAS102B/D06,dcim.frontport,c1,smf-os2,MS3,1,m,connected
EAS102B/D06,dcim.frontport,10/01,EAS102B/D06,dcim.frontport,a32,smf-os2,MS3,1,m,connected
EAS102B/D06,dcim.frontport,10/02,EAS102B/D06,dcim.frontport,a17,smf-os2,MS3,1,m,connected
EAS102B/D06,dcim.frontport,10/03,EAS102B/D06,dcim.frontport,a8,smf-os2,MS3,1,m,planned
EAS102B/D06,dcim.frontport,10/04,EAS102B/D06,dcim.frontport,a11,smf-os2,MS3,1,m,planned
EAS102B/D06,dcim.frontport,11/01,EAS102B/D06,dcim.frontport,a14,smf-os2,MS3,1,m,planned
EAS102B/D06,dcim.frontport,11/02,EAS102B/D06,dcim.frontport,a20,smf-os2,MS3,1,m,planned
EAS102B/D06,dcim.frontport,11/03,EAS102B/D06,dcim.frontport,a23,smf-os2,MS3,1,m,planned
EAS102B/D06,dcim.frontport,11/04,EAS102B/D06,dcim.frontport,a26,smf-os2,MS3,1,m,planned
EAS102B/D06,dcim.frontport,12/01,EAS102B/D06,dcim.frontport,a29,smf-os2,MS3,1,m,planned
EAS102B/D06,dcim.frontport,12/02,EAS102B/D06,dcim.frontport,a35,smf-os2,MS3,1,m,planned
EAS102B/D06,dcim.frontport,12/03,EAS102B/D06,dcim.frontport,a38,smf-os2,MS3,1,m,planned
EAS102B/D06,dcim.frontport,12/04,EAS102B/D06,dcim.frontport,a41,smf-os2,MS3,1,m,planned
EAS102B/D06,dcim.frontport,13/01,EAS102B/D06,dcim.frontport,a44,smf-os2,MS3,1,m,planned
EAS102B/D06,dcim.frontport,13/02,EAS102B/D06,dcim.frontport,a47,smf-os2,MS3,1,m,planned
EAS102B/D06,dcim.frontport,13/03,EAS102B/D06,dcim.frontport,a50,smf-os2,MS3,1,m,planned
EAS102B/D06,dcim.frontport,13/04,EAS102B/D06,dcim.frontport,a53,smf-os2,MS3,1,m,planned
EAS102B/D06,dcim.frontport,14/01,EAS102B/D06,dcim.frontport,a56,smf-os2,MS3,1,m,planned
EAS102B/D06,dcim.frontport,14/02,EAS102B/D06,dcim.frontport,a59,smf-os2,MS3,1,m,planned
EAS102B/D06,dcim.frontport,14/03,EAS102B/D06,dcim.frontport,a62,smf-os2,MS3,1,m,planned
EAS102B/D06,dcim.frontport,14/04,EAS102B/D06,dcim.frontport,a65,smf-os2,MS3,1,m,planned
EAS102B/D06,dcim.frontport,15/01,EAS102B/D06,dcim.frontport,b2,smf-os2,MS3,1,m,planned
EAS102B/D06,dcim.frontport,15/02,EAS102B/D06,dcim.frontport,b5,smf-os2,MS3,1,m,planned
EAS102B/D06,dcim.frontport,15/03,EAS102B/D06,dcim.frontport,b8,smf-os2,MS3,1,m,planned
EAS102B/D06,dcim.frontport,15/04,EAS102B/D06,dcim.frontport,b11,smf-os2,MS3,1,m,planned
EAS102B/D06,dcim.frontport,16/01,EAS102B/D06,dcim.frontport,b14,smf-os2,MS3,1,m,planned
EAS102B/D06,dcim.frontport,16/02,EAS102B/D06,dcim.frontport,b17,smf-os2,MS3,1,m,planned
EAS102B/D06,dcim.frontport,16/03,EAS102B/D06,dcim.frontport,b20,smf-os2,MS3,1,m,planned
EAS102B/D06,dcim.frontport,16/04,EAS102B/D06,dcim.frontport,b26,smf-os2,MS3,1,m,planned
EAS102B/D06,dcim.frontport,17/01,EAS102B/D06,dcim.frontport,b29,smf-os2,MS3,1,m,planned
EAS102B/D06,dcim.frontport,17/02,EAS102B/D06,dcim.frontport,b38,smf-os2,MS3,1,m,planned
EAS102B/D06,dcim.frontport,17/03,EAS102B/D06,dcim.frontport,a18,smf-os2,MS3,1,m,planned
EAS102B/D06,dcim.frontport,17/04,EAS102B/D06,dcim.frontport,a27,smf-os2,MS3,1,m,planned
EAS102B/D06,dcim.frontport,18/01,EAS102B/D06,dcim.frontport,a30,smf-os2,MS3,1,m,planned
EAS102B/D06,dcim.frontport,18/02,EAS102B/D06,dcim.frontport,a36,smf-os2,MS3,1,m,planned
EAS102B/D06,dcim.frontport,18/03,EAS102B/D06,dcim.frontport,a39,smf-os2,MS3,1,m,planned
EAS102B/D06,dcim.frontport,18/04,EAS102B/D06,dcim.frontport,a57,smf-os2,MS3,1,m,planned
EAS102B/D06,dcim.frontport,19/01,EAS102B/D06,dcim.frontport,a60,smf-os2,MS3,1,m,planned
EAS102B/D06,dcim.frontport,19/02,EAS102B/D06,dcim.frontport,a63,smf-os2,MS3,1,m,planned
EAS102B/D06,dcim.frontport,19/03,EAS102B/D06,dcim.frontport,b9,smf-os2,MS3,1,m,planned
EAS102B/D06,dcim.frontport,19/04,EAS102B/D06,dcim.frontport,b18,smf-os2,MS3,1,m,planned
EAS102B/D06,dcim.frontport,20/01,EAS102B/D06,dcim.frontport,b30,smf-os2,MS3,1,m,planned
EAS102B/D06,dcim.frontport,20/02,EAS102B/D06,dcim.frontport,b39,smf-os2,MS3,1,m,planned
EAS102B/D06,dcim.frontport,20/03,EAS102B/D06,dcim.frontport,b40,smf-os2,MS3,1,m,planned
EAS102B/D06,dcim.frontport,20/04,EAS102B/D06,dcim.frontport,b41,smf-os2,MS3,1,m,planned
EAS102B/D06,dcim.frontport,21/01,EAS102B/D06,dcim.frontport,b42,smf-os2,MS3,1,m,planned
EAS102B/D06,dcim.frontport,A25,EAS102B/D06,dcim.frontport,B1,smf-os2,MS3,0,m,connected
EAS102B/D06,dcim.frontport,A26,EAS102B/D06,dcim.frontport,B2,smf-os2,MS3,0,m,connected
EAS102B/D06,dcim.frontport,A27,EAS102B/D06,dcim.frontport,B3,smf-os2,MS3,0,m,connected
EAS102B/D06,dcim.frontport,A28,EAS102B/D06,dcim.frontport,B4,smf-os2,MS3,0,m,connected
EAS102B/D06,dcim.frontport,A29,EAS102B/D06,dcim.frontport,B5,smf-os2,MS3,0,m,connected
EAS102B/D06,dcim.frontport,A30,EAS102B/D06,dcim.frontport,B6,smf-os2,MS3,0,m,connected
EAS102B/D06,dcim.frontport,A31,EAS102B/D06,dcim.frontport,B7,smf-os2,MS3,0,m,connected
EAS102B/D06,dcim.frontport,A32,EAS102B/D06,dcim.frontport,B8,smf-os2,MS3,0,m,connected
EAS102B/D06,dcim.frontport,A33,EAS102B/D06,dcim.frontport,B9,smf-os2,MS3,0,m,connected
EAS102B/D06,dcim.frontport,A34,EAS102B/D06,dcim.frontport,B10,smf-os2,MS3,0,m,connected
EAS102B/D06,dcim.frontport,A35,EAS102B/D06,dcim.frontport,B11,smf-os2,MS3,0,m,connected
EAS102B/D06,dcim.frontport,A36,EAS102B/D06,dcim.frontport,B12,smf-os2,MS3,0,m,connected
EAS102B/D06,dcim.frontport,A37,EAS102B/D06,dcim.frontport,B13,smf-os2,MS3,0,m,connected
EAS102B/D06,dcim.frontport,A38,EAS102B/D06,dcim.frontport,B14,smf-os2,MS3,0,m,connected
EAS102B/D06,dcim.frontport,A39,EAS102B/D06,dcim.frontport,B15,smf-os2,MS3,0,m,connected
EAS102B/D06,dcim.frontport,A40,EAS102B/D06,dcim.frontport,B16,smf-os2,MS3,0,m,connected
EAS102B/D06,dcim.frontport,A41,EAS102B/D06,dcim.frontport,B17,smf-os2,MS3,0,m,connected
EAS102B/D06,dcim.frontport,A42,EAS102B/D06,dcim.frontport,B18,smf-os2,MS3,0,m,connected
EAS102B/D06,dcim.frontport,A43,EAS102B/D06,dcim.frontport,B19,smf-os2,MS3,0,m,connected
EAS102B/D06,dcim.frontport,A44,EAS102B/D06,dcim.frontport,B20,smf-os2,MS3,0,m,connected
EAS102B/D06,dcim.frontport,A45,EAS102B/D06,dcim.frontport,B21,smf-os2,MS3,0,m,connected
EAS102B/D06,dcim.frontport,A46,EAS102B/D06,dcim.frontport,B22,smf-os2,MS3,0,m,connected
EAS102B/D06,dcim.frontport,A47,EAS102B/D06,dcim.frontport,B23,smf-os2,MS3,0,m,connected
EAS102B/D06,dcim.frontport,A48,EAS102B/D06,dcim.frontport,B24,smf-os2,MS3,0,m,connected
EAS102B/D06,dcim.frontport,A49,EAS102B/D06,dcim.frontport,C1,smf-os2,MS3,0,m,connected
EAS102B/D06,dcim.frontport,A50,EAS102B/D06,dcim.frontport,C2,smf-os2,MS3,0,m,connected
EAS102B/D06,dcim.frontport,A51,EAS102B/D06,dcim.frontport,C3,smf-os2,MS3,0,m,connected
EAS102B/D06,dcim.frontport,A52,EAS102B/D06,dcim.frontport,C4,smf-os2,MS3,0,m,connected
EAS102B/D06,dcim.frontport,A53,EAS102B/D06,dcim.frontport,C5,smf-os2,MS3,0,m,connected
EAS102B/D06,dcim.frontport,A54,EAS102B/D06,dcim.frontport,C6,smf-os2,MS3,0,m,connected
EAS102B/D06,dcim.frontport,A55,EAS102B/D06,dcim.frontport,C7,smf-os2,MS3,0,m,connected
EAS102B/D06,dcim.frontport,A56,EAS102B/D06,dcim.frontport,C8,smf-os2,MS3,0,m,connected
EAS102B/D06,dcim.frontport,A57,EAS102B/D06,dcim.frontport,C9,smf-os2,MS3,0,m,connected
EAS102B/D06,dcim.frontport,A58,EAS102B/D06,dcim.frontport,C10,smf-os2,MS3,0,m,connected
EAS102B/D06,dcim.frontport,A59,EAS102B/D06,dcim.frontport,C11,smf-os2,MS3,0,m,connected
EAS102B/D06,dcim.frontport,A60,EAS102B/D06,dcim.frontport,C12,smf-os2,MS3,0,m,connected
EAS102B/D06,dcim.frontport,A61,EAS102B/D06,dcim.frontport,C13,smf-os2,MS3,0,m,connected
EAS102B/D06,dcim.frontport,A62,EAS102B/D06,dcim.frontport,C14,smf-os2,MS3,0,m,connected
EAS102B/D06,dcim.frontport,A63,EAS102B/D06,dcim.frontport,C15,smf-os2,MS3,0,m,connected
EAS102B/D06,dcim.frontport,A64,EAS102B/D06,dcim.frontport,C16,smf-os2,MS3,0,m,connected
EAS102B/D06,dcim.frontport,A65,EAS102B/D06,dcim.frontport,C17,smf-os2,MS3,0,m,connected
EAS102B/D06,dcim.frontport,A66,EAS102B/D06,dcim.frontport,C18,smf-os2,MS3,0,m,connected
EAS102B/D06,dcim.frontport,A67,EAS102B/D06,dcim.frontport,C19,smf-os2,MS3,0,m,connected
EAS102B/D06,dcim.frontport,A68,EAS102B/D06,dcim.frontport,C20,smf-os2,MS3,0,m,connected
EAS102B/D06,dcim.frontport,A69,EAS102B/D06,dcim.frontport,C21,smf-os2,MS3,0,m,connected
EAS102B/D06,dcim.frontport,A70,EAS102B/D06,dcim.frontport,C22,smf-os2,MS3,0,m,connected
EAS102B/D06,dcim.frontport,A71,EAS102B/D06,dcim.frontport,C23,smf-os2,MS3,0,m,connected
EAS102B/D06,dcim.frontport,A72,EAS102B/D06,dcim.frontport,C24,smf-os2,MS3,0,m,connected
EAS102B/D06,dcim.frontport,A73,EAS102B/D06,dcim.frontport,D1,smf-os2,MS3,0,m,connected
EAS102B/D06,dcim.frontport,A74,EAS102B/D06,dcim.frontport,D2,smf-os2,MS3,0,m,connected
EAS102B/D06,dcim.frontport,A75,EAS102B/D06,dcim.frontport,D3,smf-os2,MS3,0,m,connected
EAS102B/D06,dcim.frontport,A76,EAS102B/D06,dcim.frontport,D4,smf-os2,MS3,0,m,connected
EAS102B/D06,dcim.frontport,A77,EAS102B/D06,dcim.frontport,D5,smf-os2,MS3,0,m,connected
EAS102B/D06,dcim.frontport,A78,EAS102B/D06,dcim.frontport,D6,smf-os2,MS3,0,m,connected
EAS102B/D06,dcim.frontport,A79,EAS102B/D06,dcim.frontport,D7,smf-os2,MS3,0,m,connected
EAS102B/D06,dcim.frontport,A80,EAS102B/D06,dcim.frontport,D8,smf-os2,MS3,0,m,connected
EAS102B/D06,dcim.frontport,A81,EAS102B/D06,dcim.frontport,D9,smf-os2,MS3,0,m,connected
EAS102B/D06,dcim.frontport,A82,EAS102B/D06,dcim.frontport,D10,smf-os2,MS3,0,m,connected
EAS102B/D06,dcim.frontport,A83,EAS102B/D06,dcim.frontport,D11,smf-os2,MS3,0,m,connected
EAS102B/D06,dcim.frontport,A84,EAS102B/D06,dcim.frontport,D12,smf-os2,MS3,0,m,connected
EAS102B/D06,dcim.frontport,A85,EAS102B/D06,dcim.frontport,D13,smf-os2,MS3,0,m,connected
EAS102B/D06,dcim.frontport,A86,EAS102B/D06,dcim.frontport,D14,smf-os2,MS3,0,m,connected
EAS102B/D06,dcim.frontport,A87,EAS102B/D06,dcim.frontport,D15,smf-os2,MS3,0,m,connected
EAS102B/D06,dcim.frontport,A88,EAS102B/D06,dcim.frontport,D16,smf-os2,MS3,0,m,connected
EAS102B/D06,dcim.frontport,A89,EAS102B/D06,dcim.frontport,D17,smf-os2,MS3,0,m,connected
EAS102B/D06,dcim.frontport,A90,EAS102B/D06,dcim.frontport,D18,smf-os2,MS3,0,m,connected
EAS102B/D06,dcim.frontport,A91,EAS102B/D06,dcim.frontport,D19,smf-os2,MS3,0,m,connected
EAS102B/D06,dcim.frontport,A92,EAS102B/D06,dcim.frontport,D20,smf-os2,MS3,0,m,connected
EAS102B/D06,dcim.frontport,A93,EAS102B/D06,dcim.frontport,D21,smf-os2,MS3,0,m,connected
EAS102B/D06,dcim.frontport,A94,EAS102B/D06,dcim.frontport,D22,smf-os2,MS3,0,m,connected
EAS102B/D06,dcim.frontport,A95,EAS102B/D06,dcim.frontport,D23,smf-os2,MS3,0,m,connected
EAS102B/D06,dcim.frontport,A96,EAS102B/D06,dcim.frontport,D24,smf-os2,MS3,0,m,connected
EAS102B/D06,dcim.frontport,A97,EAS102B/D06,dcim.frontport,E1,smf-os2,MS3,0,m,connected
EAS102B/D06,dcim.frontport,A98,EAS102B/D06,dcim.frontport,E2,smf-os2,MS3,0,m,connected
EAS102B/D06,dcim.frontport,A99,EAS102B/D06,dcim.frontport,E3,smf-os2,MS3,0,m,connected
EAS102B/D06,dcim.frontport,A100,EAS102B/D06,dcim.frontport,E4,smf-os2,MS3,0,m,connected
EAS102B/D06,dcim.frontport,A101,EAS102B/D06,dcim.frontport,E5,smf-os2,MS3,0,m,connected
EAS102B/D06,dcim.frontport,A102,EAS102B/D06,dcim.frontport,E6,smf-os2,MS3,0,m,connected
EAS102B/D06,dcim.frontport,A103,EAS102B/D06,dcim.frontport,E7,smf-os2,MS3,0,m,connected
EAS102B/D06,dcim.frontport,A104,EAS102B/D06,dcim.frontport,E8,smf-os2,MS3,0,m,connected
EAS102B/D06,dcim.frontport,A105,EAS102B/D06,dcim.frontport,E9,smf-os2,MS3,0,m,connected
EAS102B/D06,dcim.frontport,A106,EAS102B/D06,dcim.frontport,E10,smf-os2,MS3,0,m,connected
EAS102B/D06,dcim.frontport,A107,EAS102B/D06,dcim.frontport,E11,smf-os2,MS3,0,m,connected
EAS102B/D06,dcim.frontport,A108,EAS102B/D06,dcim.frontport,E12,smf-os2,MS3,0,m,connected
EAS102B/D06,dcim.frontport,A109,EAS102B/D06,dcim.frontport,E13,smf-os2,MS3,0,m,connected
EAS102B/D06,dcim.frontport,A110,EAS102B/D06,dcim.frontport,E14,smf-os2,MS3,0,m,connected
EAS102B/D06,dcim.frontport,A111,EAS102B/D06,dcim.frontport,E15,smf-os2,MS3,0,m,connected
EAS102B/D06,dcim.frontport,A112,EAS102B/D06,dcim.frontport,E16,smf-os2,MS3,0,m,connected
EAS102B/D06,dcim.frontport,A113,EAS102B/D06,dcim.frontport,E17,smf-os2,MS3,0,m,connected
EAS102B/D06,dcim.frontport,A114,EAS102B/D06,dcim.frontport,E18,smf-os2,MS3,0,m,connected
EAS102B/D06,dcim.frontport,A115,EAS102B/D06,dcim.frontport,E19,smf-os2,MS3,0,m,connected
EAS102B/D06,dcim.frontport,A116,EAS102B/D06,dcim.frontport,E20,smf-os2,MS3,0,m,connected
EAS102B/D06,dcim.frontport,A117,EAS102B/D06,dcim.frontport,E21,smf-os2,MS3,0,m,connected
EAS102B/D06,dcim.frontport,A118,EAS102B/D06,dcim.frontport,E22,smf-os2,MS3,0,m,connected
EAS102B/D06,dcim.frontport,A119,EAS102B/D06,dcim.frontport,E23,smf-os2,MS3,0,m,connected
EAS102B/D06,dcim.frontport,A120,EAS102B/D06,dcim.frontport,E24,smf-os2,MS3,0,m,connected