side_a_device,side_a_type,side_a_name,side_b_device,side_b_type,side_b_name,type,tenant,length,length_unit,status
EAS102A/D05,dcim.frontport,01/01,EAS102A/D05,dcim.frontport,a1,smf-os2,MS3,1,m,connected
EAS102A/D05,dcim.frontport,01/02,EAS102A/D05,dcim.frontport,a4,smf-os2,MS3,1,m,connected
EAS102A/D05,dcim.frontport,01/03,EAS102A/D05,dcim.frontport,a7,smf-os2,MS3,1,m,connected
EAS102A/D05,dcim.frontport,02/01,EAS102A/D05,dcim.frontport,a13,smf-os2,MS3,1,m,connected
EAS102A/D05,dcim.frontport,02/02,EAS102A/D05,dcim.frontport,a16,smf-os2,MS3,1,m,connected
EAS102A/D05,dcim.frontport,02/03,EAS102A/D05,dcim.frontport,a19,smf-os2,MS3,1,m,connected
EAS102A/D05,dcim.frontport,02/04,EAS102A/D05,dcim.frontport,a22,smf-os2,MS3,1,m,connected
EAS102A/D05,dcim.frontport,03/01,EAS102A/D05,dcim.frontport,a25,smf-os2,MS3,1,m,connected
EAS102A/D05,dcim.frontport,03/02,EAS102A/D05,dcim.frontport,a28,smf-os2,MS3,1,m,connected
EAS102A/D05,dcim.frontport,03/03,EAS102A/D05,dcim.frontport,a31,smf-os2,MS3,1,m,connected
EAS102A/D05,dcim.frontport,03/04,EAS102A/D05,dcim.frontport,a34,smf-os2,MS3,1,m,connected
EAS102A/D05,dcim.frontport,04/01,EAS102A/D05,dcim.frontport,a37,smf-os2,MS3,1,m,connected
EAS102A/D05,dcim.frontport,04/02,EAS102A/D05,dcim.frontport,a40,smf-os2,MS3,1,m,connected
EAS102A/D05,dcim.frontport,04/03,EAS102A/D05,dcim.frontport,a43,smf-os2,MS3,1,m,connected
EAS102A/D05,dcim.frontport,04/04,EAS102A/D05,dcim.frontport,a46,smf-os2,MS3,1,m,connected
EAS102A/D05,dcim.frontport,05/01,EAS102A/D05,dcim.frontport,a49,smf-os2,MS3,1,m,connected
EAS102A/D05,dcim.frontport,05/02,EAS102A/D05,dcim.frontport,a52,smf-os2,MS3,1,m,connected
EAS102A/D05,dcim.frontport,05/03,EAS102A/D05,dcim.frontport,a55,smf-os2,MS3,1,m,connected
EAS102A/D05,dcim.frontport,05/04,EAS102A/D05,dcim.frontport,a58,smf-os2,MS3,1,m,connected
EAS102A/D05,dcim.frontport,06/01,EAS102A/D05,dcim.frontport,a61,smf-os2,MS3,1,m,connected
EAS102A/D05,dcim.frontport,06/02,EAS102A/D05,dcim.frontport,a64,smf-os2,MS3,1,m,connected
EAS102A/D05,dcim.frontport,06/03,EAS102A/D05,dcim.frontport,a67,smf-os2,MS3,1,m,connected
EAS102A/D05,dcim.frontport,06/04,EAS102A/D05,dcim.frontport,a70,smf-os2,MS3,1,m,connected
EAS102A/D05,dcim.frontport,07/01,EAS102A/D05,dcim.frontport,b1,smf-os2,MS3,1,m,connected
EAS102A/D05,dcim.frontport,07/02,EAS102A/D05,dcim.frontport,b4,smf-os2,MS3,1,m,connected
EAS102A/D05,dcim.frontport,07/03,EAS102A/D05,dcim.frontport,b7,smf-os2,MS3,1,m,connected
EAS102A/D05,dcim.frontport,07/04,EAS102A/D05,dcim.frontport,b10,smf-os2,MS3,1,m,connected
EAS102A/D05,dcim.frontport,08/01,EAS102A/D05,dcim.frontport,b13,smf-os2,MS3,1,m,connected
EAS102A/D05,dcim.frontport,08/02,EAS102A/D05,dcim.frontport,b16,smf-os2,MS3,1,m,connected
EAS102A/D05,dcim.frontport,08/03,EAS102A/D05,dcim.frontport,b19,smf-os2,MS3,1,m,connected
EAS102A/D05,dcim.frontport,08/04,EAS102A/D05,dcim.frontport,b22,smf-os2,MS3,1,m,connected
EAS102A/D05,dcim.frontport,09/01,EAS102A/D05,dcim.frontport,b25,smf-os2,MS3,1,m,connected
EAS102A/D05,dcim.frontport,09/02,EAS102A/D05,dcim.frontport,b28,smf-os2,MS3,1,m,connected
EAS102A/D05,dcim.frontport,09/03,EAS102A/D05,dcim.frontport,b31,smf-os2,MS3,1,m,connected
EAS102A/D05,dcim.frontport,09/04,EAS102A/D05,dcim.frontport,c1,smf-os2,MS3,1,m,connected
EAS102A/D05,dcim.frontport,10/01,EAS102A/D05,dcim.frontport,c4,smf-os2,MS3,1,m,connected
EAS102A/D05,dcim.frontport,10/02,EAS102A/D05,dcim.frontport,c7,smf-os2,MS3,1,m,connected
EAS102A/D05,dcim.frontport,10/03,EAS102A/D05,dcim.frontport,c10,smf-os2,MS3,1,m,connected
EAS102A/D05,dcim.frontport,10/04,EAS102A/D05,dcim.frontport,c13,smf-os2,MS3,1,m,connected
EAS102A/D05,dcim.frontport,11/01,EAS102A/D05,dcim.frontport,a2,smf-os2,MS3,1,m,planned
EAS102A/D05,dcim.frontport,11/02,EAS102A/D05,dcim.frontport,a5,smf-os2,MS3,1,m,planned
EAS102A/D05,dcim.frontport,11/03,EAS102A/D05,dcim.frontport,a14,smf-os2,MS3,1,m,planned
EAS102A/D05,dcim.frontport,11/04,EAS102A/D05,dcim.frontport,a17,smf-os2,MS3,1,m,planned
EAS102A/D05,dcim.frontport,12/01,EAS102A/D05,dcim.frontport,a20,smf-os2,MS3,1,m,planned
EAS102A/D05,dcim.frontport,12/02,EAS102A/D05,dcim.frontport,a23,smf-os2,MS3,1,m,planned
EAS102A/D05,dcim.frontport,12/03,EAS102A/D05,dcim.frontport,a26,smf-os2,MS3,1,m,planned
EAS102A/D05,dcim.frontport,12/04,EAS102A/D05,dcim.frontport,a29,smf-os2,MS3,1,m,planned
EAS102A/D05,dcim.frontport,13/01,EAS102A/D05,dcim.frontport,a32,smf-os2,MS3,1,m,planned
EAS102A/D05,dcim.frontport,13/02,EAS102A/D05,dcim.frontport,a35,smf-os2,MS3,1,m,planned
EAS102A/D05,dcim.frontport,13/03,EAS102A/D05,dcim.frontport,a38,smf-os2,MS3,1,m,planned
EAS102A/D05,dcim.frontport,13/04,EAS102A/D05,dcim.frontport,a41,smf-os2,MS3,1,m,planned
EAS102A/D05,dcim.frontport,14/01,EAS102A/D05,dcim.frontport,a47,smf-os2,MS3,1,m,planned
EAS102A/D05,dcim.frontport,14/02,EAS102A/D05,dcim.frontport,a50,smf-os2,MS3,1,m,planned
EAS102A/D05,dcim.frontport,14/03,EAS102A/D05,dcim.frontport,a53,smf-os2,MS3,1,m,planned
EAS102A/D05,dcim.frontport,14/04,EAS102A/D05,dcim.frontport,a56,smf-os2,MS3,1,m,planned
EAS102A/D05,dcim.frontport,15/01,EAS102A/D05,dcim.frontport,a59,smf-os2,MS3,1,m,planned
EAS102A/D05,dcim.frontport,15/02,EAS102A/D05,dcim.frontport,a65,smf-os2,MS3,1,m,planned
EAS102A/D05,dcim.frontport,15/03,EAS102A/D05,dcim.frontport,a68,smf-os2,MS3,1,m,planned
EAS102A/D05,dcim.frontport,15/04,EAS102A/D05,dcim.frontport,a71,smf-os2,MS3,1,m,planned
EAS102A/D05,dcim.frontport,16/01,EAS102A/D05,dcim.frontport,b2,smf-os2,MS3,1,m,planned
EAS102A/D05,dcim.frontport,16/02,EAS102A/D05,dcim.frontport,b5,smf-os2,MS3,1,m,planned
EAS102A/D05,dcim.frontport,16/03,EAS102A/D05,dcim.frontport,b8,smf-os2,MS3,1,m,planned
EAS102A/D05,dcim.frontport,16/04,EAS102A/D05,dcim.frontport,b11,smf-os2,MS3,1,m,planned
EAS102A/D05,dcim.frontport,17/01,EAS102A/D05,dcim.frontport,b14,smf-os2,MS3,1,m,planned
EAS102A/D05,dcim.frontport,17/02,EAS102A/D05,dcim.frontport,b17,smf-os2,MS3,1,m,planned
EAS102A/D05,dcim.frontport,17/03,EAS102A/D05,dcim.frontport,b20,smf-os2,MS3,1,m,planned
EAS102A/D05,dcim.frontport,17/04,EAS102A/D05,dcim.frontport,b23,smf-os2,MS3,1,m,planned
EAS102A/D05,dcim.frontport,18/01,EAS102A/D05,dcim.frontport,b26,smf-os2,MS3,1,m,planned
EAS102A/D05,dcim.frontport,18/02,EAS102A/D05,dcim.frontport,b29,smf-os2,MS3,1,m,planned
EAS102A/D05,dcim.frontport,18/03,EAS102A/D05,dcim.frontport,b32,smf-os2,MS3,1,m,planned
EAS102A/D05,dcim.frontport,18/04,EAS102A/D05,dcim.frontport,c2,smf-os2,MS3,1,m,planned
EAS102A/D05,dcim.frontport,19/01,EAS102A/D05,dcim.frontport,c5,smf-os2,MS3,1,m,planned
EAS102A/D05,dcim.frontport,19/02,EAS102A/D05,dcim.frontport,c11,smf-os2,MS3,1,m,planned
EAS102A/D05,dcim.frontport,19/03,EAS102A/D05,dcim.frontport,c14,smf-os2,MS3,1,m,planned
EAS102A/D05,dcim.frontport,19/04,EAS102A/D05,dcim.frontport,a15,smf-os2,MS3,1,m,planned
EAS102A/D05,dcim.frontport,20/01,EAS102A/D05,dcim.frontport,a24,smf-os2,MS3,1,m,planned
EAS102A/D05,dcim.frontport,20/02,EAS102A/D05,dcim.frontport,a36,smf-os2,MS3,1,m,planned
EAS102A/D05,dcim.frontport,20/03,EAS102A/D05,dcim.frontport,a42,smf-os2,MS3,1,m,planned
EAS102A/D05,dcim.frontport,20/04,EAS102A/D05,dcim.frontport,a51,smf-os2,MS3,1,m,planned
EAS102A/D05,dcim.frontport,21/01,EAS102A/D05,dcim.frontport,b3,smf-os2,MS3,1,m,planned
EAS102A/D05,dcim.frontport,21/02,EAS102A/D05,dcim.frontport,b6,smf-os2,MS3,1,m,planned
EAS102A/D05,dcim.frontport,A25,EAS102A/D05,dcim.rearport,1,smf-os2,MS3,1,m,connected
EAS102A/D05,dcim.frontport,A26,EAS102A/D05,dcim.rearport,2,smf-os2,MS3,1,m,connected
EAS102A/D05,dcim.frontport,A27,EAS102A/D05,dcim.rearport,3,smf-os2,MS3,1,m,connected
EAS102A/D05,dcim.frontport,A28,EAS102A/D05,dcim.rearport,4,smf-os2,MS3,1,m,connected
EAS102A/D05,dcim.frontport,A29,EAS102A/D05,dcim.rearport,5,smf-os2,MS3,1,m,connected
EAS102A/D05,dcim.frontport,A30,EAS102A/D05,dcim.rearport,6,smf-os2,MS3,1,m,connected
EAS102A/D05,dcim.frontport,A31,EAS102A/D05,dcim.rearport,7,smf-os2,MS3,1,m,connected
EAS102A/D05,dcim.frontport,A32,EAS102A/D05,dcim.rearport,8,smf-os2,MS3,1,m,connected
EAS102A/D05,dcim.frontport,A33,EAS102A/D05,dcim.rearport,9,smf-os2,MS3,1,m,connected
EAS102A/D05,dcim.frontport,A34,EAS102A/D05,dcim.rearport,10,smf-os2,MS3,1,m,connected
EAS102A/D05,dcim.frontport,A35,EAS102A/D05,dcim.rearport,11,smf-os2,MS3,1,m,planned
EAS102A/D05,dcim.frontport,A36,EAS102A/D05,dcim.rearport,12,smf-os2,MS3,1,m,planned
EAS102A/D05,dcim.frontport,A37,EAS102A/D05,dcim.rearport,13,smf-os2,MS3,1,m,planned
EAS102A/D05,dcim.frontport,A38,EAS102A/D05,dcim.rearport,14,smf-os2,MS3,1,m,planned
EAS102A/D05,dcim.frontport,A39,EAS102A/D05,dcim.rearport,15,smf-os2,MS3,1,m,planned
EAS102A/D05,dcim.frontport,A40,EAS102A/D05,dcim.rearport,16,smf-os2,MS3,1,m,planned
EAS102A/D05,dcim.frontport,A41,EAS102A/D05,dcim.rearport,17,smf-os2,MS3,1,m,planned
EAS102A/D05,dcim.frontport,A42,EAS102A/D05,dcim.rearport,18,smf-os2,MS3,1,m,planned
EAS102A/D05,dcim.frontport,A43,EAS102A/D05,dcim.rearport,19,smf-os2,MS3,1,m,planned
EAS102A/D05,dcim.frontport,A44,EAS102A/D05,dcim.rearport,20,smf-os2,MS3,1,m,planned
EAS102A/D05,dcim.frontport,A45,EAS102A/D05,dcim.rearport,21,smf-os2,MS3,1,m,planned