side_a_device,side_a_type,side_a_name,side_b_device,side_b_type,side_b_name,type,tenant,length,length_unit,status
EAS102B/D08,dcim.frontport,01/01,EAS102B/D08,dcim.frontport,a1,smf-os2,MS3,1,m,connected
EAS102B/D08,dcim.frontport,01/02,EAS102B/D08,dcim.frontport,a4,smf-os2,MS3,1,m,connected
EAS102B/D08,dcim.frontport,01/03,EAS102B/D08,dcim.frontport,a7,smf-os2,MS3,1,m,connected
EAS102B/D08,dcim.frontport,01/04,EAS102B/D08,dcim.frontport,a10,smf-os2,MS3,1,m,connected
EAS102B/D08,dcim.frontport,02/01,EAS102B/D08,dcim.frontport,a13,smf-os2,MS3,1,m,connected
EAS102B/D08,dcim.frontport,02/02,EAS102B/D08,dcim.frontport,a16,smf-os2,MS3,1,m,connected
EAS102B/D08,dcim.frontport,02/03,EAS102B/D08,dcim.frontport,a19,smf-os2,MS3,1,m,connected
EAS102B/D08,dcim.frontport,02/04,EAS102B/D08,dcim.frontport,a22,smf-os2,MS3,1,m,connected
EAS102B/D08,dcim.frontport,03/01,EAS102B/D08,dcim.frontport,a25,smf-os2,MS3,1,m,connected
EAS102B/D08,dcim.frontport,03/02,EAS102B/D08,dcim.frontport,a28,smf-os2,MS3,1,m,connected
EAS102B/D08,dcim.frontport,03/03,EAS102B/D08,dcim.frontport,a31,smf-os2,MS3,1,m,connected
EAS102B/D08,dcim.frontport,03/04,EAS102B/D08,dcim.frontport,a34,smf-os2,MS3,1,m,connected
EAS102B/D08,dcim.frontport,04/01,EAS102B/D08,dcim.frontport,a37,smf-os2,MS3,1,m,connected
EAS102B/D08,dcim.frontport,04/02,EAS102B/D08,dcim.frontport,a40,smf-os2,MS3,1,m,connected
EAS102B/D08,dcim.frontport,04/03,EAS102B/D08,dcim.frontport,a43,smf-os2,MS3,1,m,connected
EAS102B/D08,dcim.frontport,04/04,EAS102B/D08,dcim.frontport,a46,smf-os2,MS3,1,m,connected
EAS102B/D08,dcim.frontport,05/01,EAS102B/D08,dcim.frontport,a49,smf-os2,MS3,1,m,connected
EAS102B/D08,dcim.frontport,05/02,EAS102B/D08,dcim.frontport,a52,smf-os2,MS3,1,m,connected
EAS102B/D08,dcim.frontport,05/03,EAS102B/D08,dcim.frontport,a55,smf-os2,MS3,1,m,connected
EAS102B/D08,dcim.frontport,05/04,EAS102B/D08,dcim.frontport,a58,smf-os2,MS3,1,m,connected
EAS102B/D08,dcim.frontport,06/01,EAS102B/D08,dcim.frontport,a61,smf-os2,MS3,1,m,connected
EAS102B/D08,dcim.frontport,06/02,EAS102B/D08,dcim.frontport,a64,smf-os2,MS3,1,m,connected
EAS102B/D08,dcim.frontport,06/03,EAS102B/D08,dcim.frontport,a67,smf-os2,MS3,1,m,connected
EAS102B/D08,dcim.frontport,06/04,EAS102B/D08,dcim.frontport,a70,smf-os2,MS3,1,m,connected
EAS102B/D08,dcim.frontport,07/01,EAS102B/D08,dcim.frontport,b1,smf-os2,MS3,1,m,connected
EAS102B/D08,dcim.frontport,07/02,EAS102B/D08,dcim.frontport,b4,smf-os2,MS3,1,m,connected
EAS102B/D08,dcim.frontport,07/03,EAS102B/D08,dcim.frontport,b7,smf-os2,MS3,1,m,connected
EAS102B/D08,dcim.frontport,07/04,EAS102B/D08,dcim.frontport,b10,smf-os2,MS3,1,m,connected
EAS102B/D08,dcim.frontport,08/01,EAS102B/D08,dcim.frontport,b13,smf-os2,MS3,1,m,connected
EAS102B/D08,dcim.frontport,08/02,EAS102B/D08,dcim.frontport,b16,smf-os2,MS3,1,m,connected
EAS102B/D08,dcim.frontport,08/03,EAS102B/D08,dcim.frontport,b19,smf-os2,MS3,1,m,connected
EAS102B/D08,dcim.frontport,08/04,EAS102B/D08,dcim.frontport,b22,smf-os2,MS3,1,m,connected
EAS102B/D08,dcim.frontport,09/01,EAS102B/D08,dcim.frontport,b25,smf-os2,MS3,1,m,connected
EAS102B/D08,dcim.frontport,09/02,EAS102B/D08,dcim.frontport,a2,smf-os2,MS3,1,m,planned
EAS102B/D08,dcim.frontport,09/03,EAS102B/D08,dcim.frontport,a11,smf-os2,MS3,1,m,planned
EAS102B/D08,dcim.frontport,09/04,EAS102B/D08,dcim.frontport,a17,smf-os2,MS3,1,m,planned
EAS102B/D08,dcim.frontport,10/01,EAS102B/D08,dcim.frontport,a32,smf-os2,MS3,1,m,planned
EAS102B/D08,dcim.frontport,10/02,EAS102B/D08,dcim.frontport,a35,smf-os2,MS3,1,m,planned
EAS102B/D08,dcim.frontport,10/03,EAS102B/D08,dcim.frontport,a38,smf-os2,MS3,1,m,planned
EAS102B/D08,dcim.frontport,10/04,EAS102B/D08,dcim.frontport,a41,smf-os2,MS3,1,m,planned
EAS102B/D08,dcim.frontport,11/01,EAS102B/D08,dcim.frontport,a44,smf-os2,MS3,1,m,planned
EAS102B/D08,dcim.frontport,11/02,EAS102B/D08,dcim.frontport,a47,smf-os2,MS3,1,m,planned
EAS102B/D08,dcim.frontport,11/03,EAS102B/D08,dcim.frontport,a50,smf-os2,MS3,1,m,planned
EAS102B/D08,dcim.frontport,11/04,EAS102B/D08,dcim.frontport,a56,smf-os2,MS3,1,m,planned
EAS102B/D08,dcim.frontport,12/01,EAS102B/D08,dcim.frontport,a62,smf-os2,MS3,1,m,planned
EAS102B/D08,dcim.frontport,12/02,EAS102B/D08,dcim.frontport,a68,smf-os2,MS3,1,m,planned
EAS102B/D08,dcim.frontport,12/03,EAS102B/D08,dcim.frontport,a71,smf-os2,MS3,1,m,planned
EAS102B/D08,dcim.frontport,12/04,EAS102B/D08,dcim.frontport,b5,smf-os2,MS3,1,m,planned
EAS102B/D08,dcim.frontport,13/01,EAS102B/D08,dcim.frontport,b11,smf-os2,MS3,1,m,planned
EAS102B/D08,dcim.frontport,13/02,EAS102B/D08,dcim.frontport,b14,smf-os2,MS3,1,m,planned
EAS102B/D08,dcim.frontport,13/03,EAS102B/D08,dcim.frontport,b17,smf-os2,MS3,1,m,planned
EAS102B/D08,dcim.frontport,13/04,EAS102B/D08,dcim.frontport,b20,smf-os2,MS3,1,m,planned
EAS102B/D08,dcim.frontport,14/01,EAS102B/D08,dcim.frontport,b23,smf-os2,MS3,1,m,planned
EAS102B/D08,dcim.frontport,14/02,EAS102B/D08,dcim.frontport,a3,smf-os2,MS3,1,m,planned
EAS102B/D08,dcim.frontport,14/03,EAS102B/D08,dcim.frontport,a39,smf-os2,MS3,1,m,planned
EAS102B/D08,dcim.frontport,14/04,EAS102B/D08,dcim.frontport,a57,smf-os2,MS3,1,m,planned
EAS102B/D08,dcim.frontport,15/01,EAS102B/D08,dcim.frontport,a63,smf-os2,MS3,1,m,planned
EAS102B/D08,dcim.frontport,15/02,EAS102B/D08,dcim.frontport,a72,smf-os2,MS3,1,m,planned
EAS102B/D08,dcim.frontport,15/03,EAS102B/D08,dcim.frontport,b24,smf-os2,MS3,1,m,planned
EAS102B/D08,dcim.frontport,A25,EAS102B/D08,dcim.rearport,1,smf-os2,MS3,1,m,connected
EAS102B/D08,dcim.frontport,A26,EAS102B/D08,dcim.rearport,2,smf-os2,MS3,1,m,connected
EAS102B/D08,dcim.frontport,A27,EAS102B/D08,dcim.rearport,3,smf-os2,MS3,1,m,connected
EAS102B/D08,dcim.frontport,A28,EAS102B/D08,dcim.rearport,4,smf-os2,MS3,1,m,connected
EAS102B/D08,dcim.frontport,A29,EAS102B/D08,dcim.rearport,5,smf-os2,MS3,1,m,connected
EAS102B/D08,dcim.frontport,A30,EAS102B/D08,dcim.rearport,6,smf-os2,MS3,1,m,connected
EAS102B/D08,dcim.frontport,A31,EAS102B/D08,dcim.rearport,7,smf-os2,MS3,1,m,connected
EAS102B/D08,dcim.frontport,A32,EAS102B/D08,dcim.rearport,8,smf-os2,MS3,1,m,connected
EAS102B/D08,dcim.frontport,A33,EAS102B/D08,dcim.rearport,9,smf-os2,MS3,1,m,connected
EAS102B/D08,dcim.frontport,A34,EAS102B/D08,dcim.rearport,10,smf-os2,MS3,1,m,planned
EAS102B/D08,dcim.frontport,A35,EAS102B/D08,dcim.rearport,11,smf-os2,MS3,1,m,planned
EAS102B/D08,dcim.frontport,A36,EAS102B/D08,dcim.rearport,12,smf-os2,MS3,1,m,planned
EAS102B/D08,dcim.frontport,A37,EAS102B/D08,dcim.rearport,13,smf-os2,MS3,1,m,planned
EAS102B/D08,dcim.frontport,A38,EAS102B/D08,dcim.rearport,14,smf-os2,MS3,1,m,planned
EAS102B/D08,dcim.frontport,A39,EAS102B/D08,dcim.rearport,15,smf-os2,MS3,1,m,planned