{
  "nodes": [
    {
      "id": "EAS102/S01",
      "label": "S01",
      "type": "SSite",
      "leg": "EAS102A"
    },
    {
      "id": "EAS102A/D01",
      "label": "EAS102A/D01",
      "type": "DSite",
      "leg": "EAS102A"
    },
    {
      "id": "EAS102A/D02",
      "label": "EAS102A/D02",
      "type": "DSite",
      "leg": "EAS102A"
    },
    {
      "id": "EAS102A/D03",
      "label": "EAS102A/D03",
      "type": "DSite",
      "leg": "EAS102A"
    },
    {
      "id": "EAS102A/D04",
      "label": "EAS102A/D04",
      "type": "DSite",
      "leg": "EAS102A"
    },
    {
      "id": "EAS102",
      "label": "EAS102",
      "type": "OLT",
      "leg": "EAS102A"
    },
    {
      "id": "EAS102B/D06",
      "label": "EAS102B/D06",
      "type": "DSite",
      "leg": "EAS102B"
    },
    {
      "id": "EAS102B/D07",
      "label": "EAS102B/D07",
      "type": "DSite",
      "leg": "EAS102B"
    },
    {
      "id": "EAS102B/D08",
      "label": "EAS102B/D08",
      "type": "DSite",
      "leg": "EAS102B"
    },
    {
      "id": "EAS102B/D09",
      "label": "EAS102B/D09",
      "type": "DSite",
      "leg": "EAS102B"
    },
    {
      "id": "EAS102B/D10",
      "label": "EAS102B/D10",
      "type": "DSite",
      "leg": "EAS102B"
    },
    {
      "id": "EAS102/S02",
      "label": "S02",
      "type": "SSite",
      "leg": "EAS102B"
    },
    {
      "id": "EAS102C/D11",
      "label": "EAS102C/D11",
      "type": "DSite",
      "leg": "EAS102C"
    },
    {
      "id": "EAS102C/D12",
      "label": "EAS102C/D12",
      "type": "DSite",
      "leg": "EAS102C"
    },
    {
      "id": "EAS102C/D13",
      "label": "EAS102C/D13",
      "type": "DSite",
      "leg": "EAS102C"
    },
    {
      "id": "EAS102C/D14",
      "label": "EAS102C/D14",
      "type": "DSite",
      "leg": "EAS102C"
    },
    {
      "id": "EAS102/S03",
      "label": "S03",
      "type": "SSite",
      "leg": "EAS102D"
    },
    {
      "id": "EAS102D/D15",
      "label": "EAS102D/D15",
      "type": "DSite",
      "leg": "EAS102D"
    },
    {
      "id": "EAS102D/D16",
      "label": "EAS102D/D16",
      "type": "DSite",
      "leg": "EAS102D"
    },
    {
      "id": "EAS102E/D19",
      "label": "EAS102E/D19",
      "type": "DSite",
      "leg": "EAS102E"
    },
    {
      "id": "EAS102/S04",
      "label": "S04",
      "type": "SSite",
      "leg": "EAS102F"
    },
    {
      "id": "EAS102F/D20",
      "label": "EAS102F/D20",
      "type": "DSite",
      "leg": "EAS102F"
    },
    {
      "id": "EAS102/S05",
      "label": "S05",
      "type": "SSite",
      "leg": "EAS102F"
    },
    {
      "id": "EAS102A/D05",
      "label": "EAS102A/D05",
      "type": "DSite",
      "leg": "EAS102A"
    },
    {
      "id": "EAS102D/D17",
      "label": "EAS102D/D17",
      "type": "DSite",
      "leg": "EAS102D"
    },
    {
      "id": "EAS102D/D18",
      "label": "EAS102D/D18",
      "type": "DSite",
      "leg": "EAS102D"
    }
  ],
  "edges": [
    {
      "id": "e:EAS102/S01->EAS102A/D01:0",
      "from": "EAS102/S01",
      "to": "EAS102A/D01",
      "kind": "CableSegment",
      "label": "EAS102A (48F)",
      "meta": {
        "state": "SPLICED",
        "dotted": false,
        "color": "#007bff"
      }
    },
    {
      "id": "e:EAS102/S01->EAS102A/D02:1",
      "from": "EAS102/S01",
      "to": "EAS102A/D02",
      "kind": "CableSegment",
      "label": "EAS102A (48F)",
      "meta": {
        "state": "SPLICED",
        "dotted": false,
        "color": "#007bff"
      }
    },
    {
      "id": "e:EAS102/S01->EAS102A/D03:2",
      "from": "EAS102/S01",
      "to": "EAS102A/D03",
      "kind": "CableSegment",
      "label": "EAS102A (48F)",
      "meta": {
        "state": "SPLICED",
        "dotted": false,
        "color": "#007bff"
      }
    },
    {
      "id": "e:EAS102/S01->EAS102A/D04:3",
      "from": "EAS102/S01",
      "to": "EAS102A/D04",
      "kind": "CableSegment",
      "label": "EAS102A (96F)",
      "meta": {
        "state": "SPLICED",
        "dotted": false,
        "color": "#fd7e14"
      }
    },
    {
      "id": "e:EAS102->EAS102/S01:4",
      "from": "EAS102",
      "to": "EAS102/S01",
      "kind": "CableSegment",
      "label": "EAS102A (144F)",
      "meta": {
        "state": "SPLICED",
        "dotted": false,
        "color": "#dc3545"
      }
    },
    {
      "id": "e:EAS102->EAS102B/D06:5",
      "from": "EAS102",
      "to": "EAS102B/D06",
      "kind": "CableSegment",
      "label": "EAS102B (144F)",
      "meta": {
        "state": "SPLICED TO SPLITTERS",
        "dotted": false,
        "color": "#dc3545"
      }
    },
    {
      "id": "e:EAS102D/D17->EAS102D/D18:31",
      "from": "EAS102D/D17",
      "to": "EAS102D/D18",
      "kind": "CableSegment",
      "label": "EAS102D (96F)",
      "meta": {
        "state": "THRU",
        "dotted": false,
        "color": "#fd7e14"
      }
    },
    {
      "id": "e:EAS102B/D09->EAS102B/D10:27",
      "from": "EAS102B/D09",
      "to": "EAS102B/D10",
      "kind": "CableSegment",
      "label": "EAS102B (96F)",
      "meta": {
        "state": "THRU",
        "dotted": false,
        "color": "#fd7e14"
      }
    },
    {
      "id": "e:EAS102/S03->EAS102D/D17:29",
      "from": "EAS102/S03",
      "to": "EAS102D/D17",
      "kind": "CableSegment",
      "label": "EAS102D (96F)",
      "meta": {
        "state": "THRU",
        "dotted": false,
        "color": "#fd7e14"
      }
    },
    {
      "id": "e:EAS102C/D13->EAS102C/D14:28",
      "from": "EAS102C/D13",
      "to": "EAS102C/D14",
      "kind": "CableSegment",
      "label": "EAS102C (96F)",
      "meta": {
        "state": "THRU",
        "dotted": false,
        "color": "#fd7e14"
      }
    },
    {
      "id": "e:EAS102/S02->EAS102B/D07:10",
      "from": "EAS102/S02",
      "to": "EAS102B/D07",
      "kind": "CableSegment",
      "label": "EAS102B (96F)",
      "meta": {
        "state": "SPLICED",
        "dotted": false,
        "color": "#fd7e14"
      }
    },
    {
      "id": "e:EAS102B/D06->EAS102/S02:11",
      "from": "EAS102B/D06",
      "to": "EAS102/S02",
      "kind": "CableSegment",
      "label": "EAS102B (96F)",
      "meta": {
        "state": "THRU",
        "dotted": false,
        "color": "#fd7e14"
      }
    },
    {
      "id": "e:EAS102->EAS102C/D11:12",
      "from": "EAS102",
      "to": "EAS102C/D11",
      "kind": "CableSegment",
      "label": "EAS102C (144F)",
      "meta": {
        "state": "SPLICED TO SPLITTERS",
        "dotted": false,
        "color": "#dc3545"
      }
    },
    {
      "id": "e:EAS102C/D11->EAS102C/D12:13",
      "from": "EAS102C/D11",
      "to": "EAS102C/D12",
      "kind": "CableSegment",
      "label": "EAS102C (96F)",
      "meta": {
        "state": "SPLICED",
        "dotted": false,
        "color": "#fd7e14"
      }
    },
    {
      "id": "e:EAS102C/D11->EAS102C/D13:14",
      "from": "EAS102C/D11",
      "to": "EAS102C/D13",
      "kind": "CableSegment",
      "label": "EAS102C (96F)",
      "meta": {
        "state": "SPLICED",
        "dotted": false,
        "color": "#fd7e14"
      }
    },
    {
      "id": "e:EAS102B/D07->EAS102B/D08:26",
      "from": "EAS102B/D07",
      "to": "EAS102B/D08",
      "kind": "CableSegment",
      "label": "EAS102B (96F)",
      "meta": {
        "state": "THRU",
        "dotted": false,
        "color": "#fd7e14"
      }
    },
    {
      "id": "e:EAS102/S03->EAS102D/D15:16",
      "from": "EAS102/S03",
      "to": "EAS102D/D15",
      "kind": "CableSegment",
      "label": "EAS102D (48F)",
      "meta": {
        "state": "SPLICED",
        "dotted": false,
        "color": "#007bff"
      }
    },
    {
      "id": "e:EAS102->EAS102/S03:17",
      "from": "EAS102",
      "to": "EAS102/S03",
      "kind": "CableSegment",
      "label": "EAS102D (96F)",
      "meta": {
        "state": "SPLICED",
        "dotted": false,
        "color": "#fd7e14"
      }
    },
    {
      "id": "e:EAS102D/D15->EAS102D/D16:18",
      "from": "EAS102D/D15",
      "to": "EAS102D/D16",
      "kind": "CableSegment",
      "label": "EAS102D (96F)",
      "meta": {
        "state": "SPLICED",
        "dotted": false,
        "color": "#fd7e14"
      }
    },
    {
      "id": "e:EAS102->EAS102E/D19:19",
      "from": "EAS102",
      "to": "EAS102E/D19",
      "kind": "CableSegment",
      "label": "EAS102E (48F)",
      "meta": {
        "state": "SPLICED TO SPLITTERS",
        "dotted": false,
        "color": "#007bff"
      }
    },
    {
      "id": "e:EAS102/S04->EAS102/S05:25",
      "from": "EAS102/S04",
      "to": "EAS102/S05",
      "kind": "CableSegment",
      "label": "EAS102 (96F)",
      "meta": {
        "state": "SPLICED",
        "dotted": false,
        "color": "#fd7e14"
      }
    },
    {
      "id": "e:EAS102->EAS102/S04:21",
      "from": "EAS102",
      "to": "EAS102/S04",
      "kind": "CableSegment",
      "label": "EAS102F (96F)",
      "meta": {
        "state": "SPLICED",
        "dotted": false,
        "color": "#fd7e14"
      }
    },
    {
      "id": "e:EAS102/S05->EAS102F/D20:22",
      "from": "EAS102/S05",
      "to": "EAS102F/D20",
      "kind": "CableSegment",
      "label": "EAS102F (96F)",
      "meta": {
        "state": "SPLICED",
        "dotted": false,
        "color": "#fd7e14"
      }
    },
    {
      "id": "e:EAS102A/D04->EAS102A/D05:23",
      "from": "EAS102A/D04",
      "to": "EAS102A/D05",
      "kind": "CableSegment",
      "label": "EAS102A (96F)",
      "meta": {
        "state": "THRU",
        "dotted": false,
        "color": "#fd7e14"
      }
    },
    {
      "id": "e:EAS102/S02->EAS102B/D09:24",
      "from": "EAS102/S02",
      "to": "EAS102B/D09",
      "kind": "CableSegment",
      "label": "EAS102B (96F)",
      "meta": {
        "state": "THRU",
        "dotted": false,
        "color": "#fd7e14"
      }
    }
  ],
  "layout": {
    "page": {
      "size": "A3",
      "orientation": "landscape",
      "marginsMm": {
        "top": 10,
        "right": 10,
        "bottom": 10,
        "left": 10
      }
    },
    "lanes": [
      {
        "leg": "EAS102A",
        "index": 0,
        "y": 120
      },
      {
        "leg": "EAS102B",
        "index": 1,
        "y": 260
      },
      {
        "leg": "EAS102C",
        "index": 2,
        "y": 400
      },
      {
        "leg": "EAS102D",
        "index": 3,
        "y": 540
      },
      {
        "leg": "EAS102E",
        "index": 4,
        "y": 680
      },
      {
        "leg": "EAS102F",
        "index": 5,
        "y": 820
      }
    ],
    "styleTokens": {
      "cableStrokeByCapacity": {
        "48": 1.5,
        "96": 2.5,
        "144": 3.5
      },
      "colors": {
        "main": "#222",
        "branch": "#777",
        "spare": "#9aa0a6",
        "reserved": "#9aa0a6"
      }
    }
  },
  "validation": {
    "findings": [
      {
        "code": "E002",
        "severity": "E",
        "message": "Duplicate FAT output assignment: A001-01",
        "context": {
          "prev": "EAS102/1/1",
          "current": "/1/3"
        }
      },
      {
        "code": "E002",
        "severity": "E",
        "message": "Duplicate FAT output assignment: A005-01",
        "context": {
          "prev": "/1/1",
          "current": "/1/3"
        }
      },
      {
        "code": "E002",
        "severity": "E",
        "message": "Duplicate FAT output assignment: A009-01",
        "context": {
          "prev": "/1/1",
          "current": "/1/3"
        }
      },
      {
        "code": "E002",
        "severity": "E",
        "message": "Duplicate FAT output assignment: A013-01",
        "context": {
          "prev": "/1/1",
          "current": "/1/3"
        }
      },
      {
        "code": "E002",
        "severity": "E",
        "message": "Duplicate FAT output assignment: A017-01",
        "context": {
          "prev": "/1/2",
          "current": "/1/4"
        }
      },
      {
        "code": "E002",
        "severity": "E",
        "message": "Duplicate FAT output assignment: A002-02",
        "context": {
          "prev": "//",
          "current": "/1/4"
        }
      },
      {
        "code": "E002",
        "severity": "E",
        "message": "Duplicate FAT output assignment: A001-01",
        "context": {
          "prev": "EAS102/1/1",
          "current": "/1/4"
        }
      },
      {
        "code": "E002",
        "severity": "E",
        "message": "Duplicate FAT output assignment: A005-01",
        "context": {
          "prev": "/1/1",
          "current": "/1/4"
        }
      },
      {
        "code": "E002",
        "severity": "E",
        "message": "Duplicate FAT output assignment: A009-01",
        "context": {
          "prev": "/1/1",
          "current": "/1/5"
        }
      },
      {
        "code": "E002",
        "severity": "E",
        "message": "Duplicate FAT output assignment: A013-01",
        "context": {
          "prev": "/1/1",
          "current": "/1/5"
        }
      },
      {
        "code": "E002",
        "severity": "E",
        "message": "Duplicate FAT output assignment: A017-01",
        "context": {
          "prev": "/1/2",
          "current": "/1/5"
        }
      },
      {
        "code": "E002",
        "severity": "E",
        "message": "Duplicate FAT output assignment: A021-01",
        "context": {
          "prev": "/1/2",
          "current": "/1/5"
        }
      },
      {
        "code": "E002",
        "severity": "E",
        "message": "Duplicate FAT output assignment: A025-01",
        "context": {
          "prev": "/1/2",
          "current": "/1/6"
        }
      },
      {
        "code": "E002",
        "severity": "E",
        "message": "Duplicate FAT output assignment: A029-01",
        "context": {
          "prev": "/1/2",
          "current": "/1/6"
        }
      },
      {
        "code": "E002",
        "severity": "E",
        "message": "Duplicate FAT output assignment: A001-01",
        "context": {
          "prev": "EAS102/1/1",
          "current": "/1/6"
        }
      },
      {
        "code": "E002",
        "severity": "E",
        "message": "Duplicate FAT output assignment: A005-01",
        "context": {
          "prev": "/1/1",
          "current": "/1/6"
        }
      },
      {
        "code": "E002",
        "severity": "E",
        "message": "Duplicate FAT output assignment: A009-01",
        "context": {
          "prev": "/1/1",
          "current": "/1/7"
        }
      },
      {
        "code": "E002",
        "severity": "E",
        "message": "Duplicate FAT output assignment: A013-01",
        "context": {
          "prev": "/1/1",
          "current": "/1/7"
        }
      },
      {
        "code": "E002",
        "severity": "E",
        "message": "Duplicate FAT output assignment: A017-01",
        "context": {
          "prev": "/1/2",
          "current": "/1/7"
        }
      },
      {
        "code": "E002",
        "severity": "E",
        "message": "Duplicate FAT output assignment: A021-01",
        "context": {
          "prev": "/1/2",
          "current": "/1/7"
        }
      },
      {
        "code": "E002",
        "severity": "E",
        "message": "Duplicate FAT output assignment: A025-01",
        "context": {
          "prev": "/1/2",
          "current": "/1/8"
        }
      },
      {
        "code": "E002",
        "severity": "E",
        "message": "Duplicate FAT output assignment: A029-01",
        "context": {
          "prev": "/1/2",
          "current": "/1/8"
        }
      },
      {
        "code": "E002",
        "severity": "E",
        "message": "Duplicate FAT output assignment: A001-02",
        "context": {
          "prev": "//",
          "current": "/1/8"
        }
      },
      {
        "code": "E002",
        "severity": "E",
        "message": "Duplicate FAT output assignment: A001-01",
        "context": {
          "prev": "EAS102/1/1",
          "current": "/1/9"
        }
      },
      {
        "code": "E001",
        "severity": "E",
        "message": "FAT Relation not recognized: SPARE",
        "context": {
          "rel": "SPARE"
        }
      },
      {
        "code": "E002",
        "severity": "E",
        "message": "Duplicate FAT output assignment: A013-01",
        "context": {
          "prev": "/1/1",
          "current": "/1/9"
        }
      },
      {
        "code": "E002",
        "severity": "E",
        "message": "Duplicate FAT output assignment: A017-01",
        "context": {
          "prev": "/1/2",
          "current": "/1/10"
        }
      },
      {
        "code": "E002",
        "severity": "E",
        "message": "Duplicate FAT output assignment: A021-01",
        "context": {
          "prev": "/1/2",
          "current": "/1/10"
        }
      },
      {
        "code": "E002",
        "severity": "E",
        "message": "Duplicate FAT output assignment: A025-01",
        "context": {
          "prev": "/1/2",
          "current": "/1/10"
        }
      },
      {
        "code": "E002",
        "severity": "E",
        "message": "Duplicate FAT output assignment: A029-01",
        "context": {
          "prev": "/1/2",
          "current": "/1/10"
        }
      },
      {
        "code": "E002",
        "severity": "E",
        "message": "Duplicate FAT output assignment: A033-01",
        "context": {
          "prev": "/1/8",
          "current": "/1/11"
        }
      },
      {
        "code": "E002",
        "severity": "E",
        "message": "Duplicate FAT output assignment: A001-01",
        "context": {
          "prev": "EAS102/1/1",
          "current": "/1/11"
        }
      },
      {
        "code": "E002",
        "severity": "E",
        "message": "Duplicate FAT output assignment: A005-01",
        "context": {
          "prev": "/1/1",
          "current": "/1/11"
        }
      },
      {
        "code": "E002",
        "severity": "E",
        "message": "Duplicate FAT output assignment: A009-01",
        "context": {
          "prev": "/1/1",
          "current": "/1/12"
        }
      },
      {
        "code": "E002",
        "severity": "E",
        "message": "Duplicate FAT output assignment: A013-01",
        "context": {
          "prev": "/1/1",
          "current": "/1/12"
        }
      },
      {
        "code": "E002",
        "severity": "E",
        "message": "Duplicate FAT output assignment: A017-01",
        "context": {
          "prev": "/1/2",
          "current": "/1/12"
        }
      },
      {
        "code": "E002",
        "severity": "E",
        "message": "Duplicate FAT output assignment: A021-01",
        "context": {
          "prev": "/1/2",
          "current": "/1/12"
        }
      },
      {
        "code": "E002",
        "severity": "E",
        "message": "Duplicate FAT output assignment: A025-01",
        "context": {
          "prev": "/1/2",
          "current": "/1/13"
        }
      },
      {
        "code": "E002",
        "severity": "E",
        "message": "Duplicate FAT output assignment: A029-01",
        "context": {
          "prev": "/1/2",
          "current": "/1/13"
        }
      },
      {
        "code": "E002",
        "severity": "E",
        "message": "Duplicate FAT output assignment: A033-01",
        "context": {
          "prev": "/1/8",
          "current": "/1/13"
        }
      },
      {
        "code": "E002",
        "severity": "E",
        "message": "Duplicate FAT output assignment: A011-02",
        "context": {
          "prev": "//",
          "current": "/1/13"
        }
      },
      {
        "code": "E002",
        "severity": "E",
        "message": "Duplicate FAT output assignment: A001-01",
        "context": {
          "prev": "EAS102/1/1",
          "current": "/1/14"
        }
      },
      {
        "code": "E002",
        "severity": "E",
        "message": "Duplicate FAT output assignment: A005-01",
        "context": {
          "prev": "/1/1",
          "current": "/1/14"
        }
      },
      {
        "code": "E002",
        "severity": "E",
        "message": "Duplicate FAT output assignment: A009-01",
        "context": {
          "prev": "/1/1",
          "current": "/1/14"
        }
      },
      {
        "code": "E002",
        "severity": "E",
        "message": "Duplicate FAT output assignment: A013-01",
        "context": {
          "prev": "/1/1",
          "current": "/1/14"
        }
      },
      {
        "code": "E002",
        "severity": "E",
        "message": "Duplicate FAT output assignment: A017-01",
        "context": {
          "prev": "/1/2",
          "current": "/1/15"
        }
      },
      {
        "code": "E002",
        "severity": "E",
        "message": "Duplicate FAT output assignment: A021-01",
        "context": {
          "prev": "/1/2",
          "current": "/1/15"
        }
      },
      {
        "code": "E002",
        "severity": "E",
        "message": "Duplicate FAT output assignment: A001-01",
        "context": {
          "prev": "EAS102/1/1",
          "current": "/1/15"
        }
      },
      {
        "code": "E002",
        "severity": "E",
        "message": "Duplicate FAT output assignment: A005-01",
        "context": {
          "prev": "/1/1",
          "current": "/1/15"
        }
      },
      {
        "code": "E002",
        "severity": "E",
        "message": "Duplicate FAT output assignment: A009-01",
        "context": {
          "prev": "/1/1",
          "current": "/1/16"
        }
      },
      {
        "code": "E002",
        "severity": "E",
        "message": "Duplicate FAT output assignment: A013-01",
        "context": {
          "prev": "/1/1",
          "current": "/1/16"
        }
      },
      {
        "code": "E002",
        "severity": "E",
        "message": "Duplicate FAT output assignment: A017-01",
        "context": {
          "prev": "/1/2",
          "current": "/1/16"
        }
      },
      {
        "code": "E002",
        "severity": "E",
        "message": "Duplicate FAT output assignment: A021-01",
        "context": {
          "prev": "/1/2",
          "current": "/1/16"
        }
      },
      {
        "code": "E002",
        "severity": "E",
        "message": "Duplicate FAT output assignment: A025-01",
        "context": {
          "prev": "/1/2",
          "current": "/2/1"
        }
      },
      {
        "code": "E002",
        "severity": "E",
        "message": "Duplicate FAT output assignment: A029-01",
        "context": {
          "prev": "/1/2",
          "current": "/2/1"
        }
      },
      {
        "code": "E002",
        "severity": "E",
        "message": "Duplicate FAT output assignment: A033-01",
        "context": {
          "prev": "/1/8",
          "current": "/2/1"
        }
      },
      {
        "code": "E002",
        "severity": "E",
        "message": "Duplicate FAT output assignment: A011-02",
        "context": {
          "prev": "//",
          "current": "/2/1"
        }
      },
      {
        "code": "E002",
        "severity": "E",
        "message": "Duplicate FAT output assignment: A001-01",
        "context": {
          "prev": "EAS102/1/1",
          "current": "/2/2"
        }
      },
      {
        "code": "E002",
        "severity": "E",
        "message": "Duplicate FAT output assignment: A005-01",
        "context": {
          "prev": "/1/1",
          "current": "/2/2"
        }
      },
      {
        "code": "E002",
        "severity": "E",
        "message": "Duplicate FAT output assignment: A009-01",
        "context": {
          "prev": "/1/1",
          "current": "/2/2"
        }
      },
      {
        "code": "E002",
        "severity": "E",
        "message": "Duplicate FAT output assignment: A013-01",
        "context": {
          "prev": "/1/1",
          "current": "/2/2"
        }
      },
      {
        "code": "E002",
        "severity": "E",
        "message": "Duplicate FAT output assignment: A017-01",
        "context": {
          "prev": "/1/2",
          "current": "/2/3"
        }
      },
      {
        "code": "E002",
        "severity": "E",
        "message": "Duplicate FAT output assignment: A021-01",
        "context": {
          "prev": "/1/2",
          "current": "/2/3"
        }
      },
      {
        "code": "E002",
        "severity": "E",
        "message": "Duplicate FAT output assignment: A025-01",
        "context": {
          "prev": "/1/2",
          "current": "/2/3"
        }
      },
      {
        "code": "E002",
        "severity": "E",
        "message": "Duplicate FAT output assignment: A029-01",
        "context": {
          "prev": "/1/2",
          "current": "/2/3"
        }
      },
      {
        "code": "E002",
        "severity": "E",
        "message": "Duplicate FAT output assignment: A033-01",
        "context": {
          "prev": "/1/8",
          "current": "/2/4"
        }
      },
      {
        "code": "E002",
        "severity": "E",
        "message": "Duplicate FAT output assignment: A006-02",
        "context": {
          "prev": "//",
          "current": "/2/4"
        }
      },
      {
        "code": "E002",
        "severity": "E",
        "message": "Duplicate FAT output assignment: A001-01",
        "context": {
          "prev": "EAS102/1/1",
          "current": "/2/4"
        }
      },
      {
        "code": "E002",
        "severity": "E",
        "message": "Duplicate FAT output assignment: A005-01",
        "context": {
          "prev": "/1/1",
          "current": "/2/4"
        }
      },
      {
        "code": "E002",
        "severity": "E",
        "message": "Duplicate FAT output assignment: A009-01",
        "context": {
          "prev": "/1/1",
          "current": "/2/5"
        }
      },
      {
        "code": "E002",
        "severity": "E",
        "message": "Duplicate FAT output assignment: A013-01",
        "context": {
          "prev": "/1/1",
          "current": "/2/5"
        }
      },
      {
        "code": "E002",
        "severity": "E",
        "message": "Duplicate FAT output assignment: A017-01",
        "context": {
          "prev": "/1/2",
          "current": "/2/5"
        }
      },
      {
        "code": "E002",
        "severity": "E",
        "message": "Duplicate FAT output assignment: A021-01",
        "context": {
          "prev": "/1/2",
          "current": "/2/5"
        }
      },
      {
        "code": "E002",
        "severity": "E",
        "message": "Duplicate FAT output assignment: A025-01",
        "context": {
          "prev": "/1/2",
          "current": "/2/6"
        }
      },
      {
        "code": "E002",
        "severity": "E",
        "message": "Duplicate FAT output assignment: A003-02",
        "context": {
          "prev": "//",
          "current": "/2/6"
        }
      },
      {
        "code": "E002",
        "severity": "E",
        "message": "Duplicate FAT output assignment: A001-01",
        "context": {
          "prev": "EAS102/1/1",
          "current": "/2/6"
        }
      },
      {
        "code": "E002",
        "severity": "E",
        "message": "Duplicate FAT output assignment: A005-01",
        "context": {
          "prev": "/1/1",
          "current": "/2/6"
        }
      },
      {
        "code": "E002",
        "severity": "E",
        "message": "Duplicate FAT output assignment: A009-01",
        "context": {
          "prev": "/1/1",
          "current": "/2/7"
        }
      },
      {
        "code": "E002",
        "severity": "E",
        "message": "Duplicate FAT output assignment: A017-01",
        "context": {
          "prev": "/1/2",
          "current": "/2/7"
        }
      },
      {
        "code": "E002",
        "severity": "E",
        "message": "Duplicate FAT output assignment: A021-01",
        "context": {
          "prev": "/1/2",
          "current": "/2/7"
        }
      },
      {
        "code": "E002",
        "severity": "E",
        "message": "Duplicate FAT output assignment: A025-01",
        "context": {
          "prev": "/1/2",
          "current": "/2/8"
        }
      },
      {
        "code": "E002",
        "severity": "E",
        "message": "Duplicate FAT output assignment: A029-01",
        "context": {
          "prev": "/1/2",
          "current": "/2/8"
        }
      },
      {
        "code": "E002",
        "severity": "E",
        "message": "Duplicate FAT output assignment: A033-01",
        "context": {
          "prev": "/1/8",
          "current": "/2/8"
        }
      },
      {
        "code": "E002",
        "severity": "E",
        "message": "Duplicate FAT output assignment: A037-01",
        "context": {
          "prev": "/1/11",
          "current": "/2/8"
        }
      },
      {
        "code": "E002",
        "severity": "E",
        "message": "Duplicate FAT output assignment: A001-01",
        "context": {
          "prev": "EAS102/1/1",
          "current": "/2/9"
        }
      },
      {
        "code": "E002",
        "severity": "E",
        "message": "Duplicate FAT output assignment: A005-01",
        "context": {
          "prev": "/1/1",
          "current": "/2/9"
        }
      },
      {
        "code": "E002",
        "severity": "E",
        "message": "Duplicate FAT output assignment: A009-01",
        "context": {
          "prev": "/1/1",
          "current": "/2/10"
        }
      },
      {
        "code": "E002",
        "severity": "E",
        "message": "Duplicate FAT output assignment: A013-01",
        "context": {
          "prev": "/1/1",
          "current": "/2/10"
        }
      },
      {
        "code": "E002",
        "severity": "E",
        "message": "Duplicate FAT output assignment: A029-01",
        "context": {
          "prev": "/1/2",
          "current": "/2/11"
        }
      },
      {
        "code": "E002",
        "severity": "E",
        "message": "Duplicate FAT output assignment: A033-01",
        "context": {
          "prev": "/1/8",
          "current": "/2/11"
        }
      },
      {
        "code": "E002",
        "severity": "E",
        "message": "Duplicate FAT output assignment: A037-01",
        "context": {
          "prev": "/1/11",
          "current": "/2/11"
        }
      },
      {
        "code": "E002",
        "severity": "E",
        "message": "Duplicate FAT output assignment: A006-02",
        "context": {
          "prev": "//",
          "current": "/3/9"
        }
      },
      {
        "code": "E002",
        "severity": "E",
        "message": "Duplicate FAT output assignment: A001-01",
        "context": {
          "prev": "EAS102/1/1",
          "current": "/2/12"
        }
      },
      {
        "code": "E002",
        "severity": "E",
        "message": "Duplicate FAT output assignment: A005-01",
        "context": {
          "prev": "/1/1",
          "current": "/2/12"
        }
      },
      {
        "code": "E002",
        "severity": "E",
        "message": "Duplicate FAT output assignment: A009-01",
        "context": {
          "prev": "/1/1",
          "current": "/2/12"
        }
      },
      {
        "code": "E002",
        "severity": "E",
        "message": "Duplicate FAT output assignment: A013-01",
        "context": {
          "prev": "/1/1",
          "current": "/2/12"
        }
      },
      {
        "code": "E002",
        "severity": "E",
        "message": "Duplicate FAT output assignment: A017-01",
        "context": {
          "prev": "/1/2",
          "current": "/2/13"
        }
      },
      {
        "code": "E001",
        "severity": "E",
        "message": "FAT Relation not recognized: SPARE",
        "context": {
          "rel": "SPARE"
        }
      },
      {
        "code": "E002",
        "severity": "E",
        "message": "Duplicate FAT output assignment: A021-01",
        "context": {
          "prev": "/1/2",
          "current": "/2/13"
        }
      },
      {
        "code": "E002",
        "severity": "E",
        "message": "Duplicate FAT output assignment: A025-01",
        "context": {
          "prev": "/1/2",
          "current": "/2/13"
        }
      },
      {
        "code": "E002",
        "severity": "E",
        "message": "Duplicate FAT output assignment: A029-01",
        "context": {
          "prev": "/1/2",
          "current": "/2/13"
        }
      },
      {
        "code": "E002",
        "severity": "E",
        "message": "Duplicate FAT output assignment: A033-01",
        "context": {
          "prev": "/1/8",
          "current": "/2/14"
        }
      },
      {
        "code": "E002",
        "severity": "E",
        "message": "Duplicate FAT output assignment: A041-01",
        "context": {
          "prev": "/2/9",
          "current": "/2/14"
        }
      },
      {
        "code": "E002",
        "severity": "E",
        "message": "Duplicate FAT output assignment: A004-02",
        "context": {
          "prev": "//",
          "current": "/2/14"
        }
      },
      {
        "code": "E001",
        "severity": "E",
        "message": "FAT Relation not recognized: SPARE",
        "context": {
          "rel": "SPARE"
        }
      },
      {
        "code": "E002",
        "severity": "E",
        "message": "Duplicate FAT output assignment: A001-01",
        "context": {
          "prev": "EAS102/1/1",
          "current": "/2/15"
        }
      },
      {
        "code": "E002",
        "severity": "E",
        "message": "Duplicate FAT output assignment: A005-01",
        "context": {
          "prev": "/1/1",
          "current": "/2/15"
        }
      },
      {
        "code": "E002",
        "severity": "E",
        "message": "Duplicate FAT output assignment: A009-01",
        "context": {
          "prev": "/1/1",
          "current": "/2/15"
        }
      },
      {
        "code": "E002",
        "severity": "E",
        "message": "Duplicate FAT output assignment: A013-01",
        "context": {
          "prev": "/1/1",
          "current": "/2/15"
        }
      },
      {
        "code": "E002",
        "severity": "E",
        "message": "Duplicate FAT output assignment: A017-01",
        "context": {
          "prev": "/1/2",
          "current": "/2/16"
        }
      },
      {
        "code": "E002",
        "severity": "E",
        "message": "Duplicate FAT output assignment: A021-01",
        "context": {
          "prev": "/1/2",
          "current": "/2/16"
        }
      },
      {
        "code": "E002",
        "severity": "E",
        "message": "Duplicate FAT output assignment: A025-01",
        "context": {
          "prev": "/1/2",
          "current": "/2/16"
        }
      },
      {
        "code": "E002",
        "severity": "E",
        "message": "Duplicate FAT output assignment: A001-02",
        "context": {
          "prev": "//",
          "current": "/2/16"
        }
      },
      {
        "code": "E002",
        "severity": "E",
        "message": "Duplicate FAT output assignment: A001-01",
        "context": {
          "prev": "EAS102/1/1",
          "current": "/3/1"
        }
      },
      {
        "code": "E002",
        "severity": "E",
        "message": "Duplicate FAT output assignment: A005-01",
        "context": {
          "prev": "/1/1",
          "current": "/3/1"
        }
      },
      {
        "code": "E002",
        "severity": "E",
        "message": "Duplicate FAT output assignment: A009-01",
        "context": {
          "prev": "/1/1",
          "current": "/3/1"
        }
      },
      {
        "code": "E002",
        "severity": "E",
        "message": "Duplicate FAT output assignment: A013-01",
        "context": {
          "prev": "/1/1",
          "current": "/3/1"
        }
      },
      {
        "code": "E002",
        "severity": "E",
        "message": "Duplicate FAT output assignment: A017-01",
        "context": {
          "prev": "/1/2",
          "current": "/3/2"
        }
      },
      {
        "code": "E002",
        "severity": "E",
        "message": "Duplicate FAT output assignment: A021-01",
        "context": {
          "prev": "/1/2",
          "current": "/3/2"
        }
      },
      {
        "code": "E002",
        "severity": "E",
        "message": "Duplicate FAT output assignment: A025-01",
        "context": {
          "prev": "/1/2",
          "current": "/3/2"
        }
      },
      {
        "code": "E002",
        "severity": "E",
        "message": "Duplicate FAT output assignment: A029-01",
        "context": {
          "prev": "/1/2",
          "current": "/3/2"
        }
      },
      {
        "code": "E002",
        "severity": "E",
        "message": "Duplicate FAT output assignment: A033-01",
        "context": {
          "prev": "/1/8",
          "current": "/3/3"
        }
      },
      {
        "code": "E001",
        "severity": "E",
        "message": "FAT Relation not recognized: RESERVED FOR D16",
        "context": {
          "rel": "RESERVED FOR D16"
        }
      },
      {
        "code": "E001",
        "severity": "E",
        "message": "FAT Relation not recognized: RESERVED FOR D16",
        "context": {
          "rel": "RESERVED FOR D16"
        }
      },
      {
        "code": "E001",
        "severity": "E",
        "message": "FAT Relation not recognized: RESERVED FOR D16",
        "context": {
          "rel": "RESERVED FOR D16"
        }
      },
      {
        "code": "E001",
        "severity": "E",
        "message": "FAT Relation not recognized: RESERVED FOR D16",
        "context": {
          "rel": "RESERVED FOR D16"
        }
      },
      {
        "code": "E001",
        "severity": "E",
        "message": "FAT Relation not recognized: RESERVED FOR D16",
        "context": {
          "rel": "RESERVED FOR D16"
        }
      },
      {
        "code": "E001",
        "severity": "E",
        "message": "FAT Relation not recognized: RESERVED FOR D16",
        "context": {
          "rel": "RESERVED FOR D16"
        }
      },
      {
        "code": "E001",
        "severity": "E",
        "message": "FAT Relation not recognized: RESERVED FOR D16",
        "context": {
          "rel": "RESERVED FOR D16"
        }
      },
      {
        "code": "E001",
        "severity": "E",
        "message": "FAT Relation not recognized: RESERVED FOR D16",
        "context": {
          "rel": "RESERVED FOR D16"
        }
      },
      {
        "code": "E001",
        "severity": "E",
        "message": "FAT Relation not recognized: RESERVED FOR D16",
        "context": {
          "rel": "RESERVED FOR D16"
        }
      },
      {
        "code": "E001",
        "severity": "E",
        "message": "FAT Relation not recognized: RESERVED FOR D16",
        "context": {
          "rel": "RESERVED FOR D16"
        }
      },
      {
        "code": "E001",
        "severity": "E",
        "message": "FAT Relation not recognized: RESERVED FOR D16",
        "context": {
          "rel": "RESERVED FOR D16"
        }
      },
      {
        "code": "E001",
        "severity": "E",
        "message": "FAT Relation not recognized: RESERVED FOR D16",
        "context": {
          "rel": "RESERVED FOR D16"
        }
      },
      {
        "code": "E001",
        "severity": "E",
        "message": "FAT Relation not recognized: RESERVED FOR D16",
        "context": {
          "rel": "RESERVED FOR D16"
        }
      },
      {
        "code": "E001",
        "severity": "E",
        "message": "FAT Relation not recognized: RESERVED FOR D16",
        "context": {
          "rel": "RESERVED FOR D16"
        }
      },
      {
        "code": "E001",
        "severity": "E",
        "message": "FAT Relation not recognized: RESERVED FOR D16",
        "context": {
          "rel": "RESERVED FOR D16"
        }
      },
      {
        "code": "E001",
        "severity": "E",
        "message": "FAT Relation not recognized: RESERVED FOR D16",
        "context": {
          "rel": "RESERVED FOR D16"
        }
      },
      {
        "code": "E001",
        "severity": "E",
        "message": "FAT Relation not recognized: RESERVED FOR D16",
        "context": {
          "rel": "RESERVED FOR D16"
        }
      },
      {
        "code": "E001",
        "severity": "E",
        "message": "FAT Relation not recognized: RESERVED FOR D16",
        "context": {
          "rel": "RESERVED FOR D16"
        }
      },
      {
        "code": "E001",
        "severity": "E",
        "message": "FAT Relation not recognized: RESERVED FOR D16",
        "context": {
          "rel": "RESERVED FOR D16"
        }
      },
      {
        "code": "E001",
        "severity": "E",
        "message": "FAT Relation not recognized: RESERVED FOR D16",
        "context": {
          "rel": "RESERVED FOR D16"
        }
      },
      {
        "code": "E001",
        "severity": "E",
        "message": "FAT Relation not recognized: RESERVED FOR D16",
        "context": {
          "rel": "RESERVED FOR D16"
        }
      },
      {
        "code": "E001",
        "severity": "E",
        "message": "FAT Relation not recognized: RESERVED FOR D16",
        "context": {
          "rel": "RESERVED FOR D16"
        }
      },
      {
        "code": "E001",
        "severity": "E",
        "message": "FAT Relation not recognized: RESERVED FOR D16",
        "context": {
          "rel": "RESERVED FOR D16"
        }
      },
      {
        "code": "E001",
        "severity": "E",
        "message": "FAT Relation not recognized: RESERVED FOR D16",
        "context": {
          "rel": "RESERVED FOR D16"
        }
      },
      {
        "code": "E001",
        "severity": "E",
        "message": "FAT Relation not recognized: RESERVED FOR D16",
        "context": {
          "rel": "RESERVED FOR D16"
        }
      },
      {
        "code": "E001",
        "severity": "E",
        "message": "FAT Relation not recognized: RESERVED FOR D16",
        "context": {
          "rel": "RESERVED FOR D16"
        }
      },
      {
        "code": "E001",
        "severity": "E",
        "message": "FAT Relation not recognized: RESERVED FOR D16",
        "context": {
          "rel": "RESERVED FOR D16"
        }
      },
      {
        "code": "E001",
        "severity": "E",
        "message": "FAT Relation not recognized: RESERVED FOR D16",
        "context": {
          "rel": "RESERVED FOR D16"
        }
      },
      {
        "code": "E001",
        "severity": "E",
        "message": "FAT Relation not recognized: RESERVED FOR D16",
        "context": {
          "rel": "RESERVED FOR D16"
        }
      },
      {
        "code": "E001",
        "severity": "E",
        "message": "FAT Relation not recognized: RESERVED FOR D16",
        "context": {
          "rel": "RESERVED FOR D16"
        }
      },
      {
        "code": "E001",
        "severity": "E",
        "message": "FAT Relation not recognized: RESERVED FOR D16",
        "context": {
          "rel": "RESERVED FOR D16"
        }
      },
      {
        "code": "E001",
        "severity": "E",
        "message": "FAT Relation not recognized: RESERVED FOR D16",
        "context": {
          "rel": "RESERVED FOR D16"
        }
      },
      {
        "code": "E001",
        "severity": "E",
        "message": "FAT Relation not recognized: RESERVED FOR D16",
        "context": {
          "rel": "RESERVED FOR D16"
        }
      },
      {
        "code": "E001",
        "severity": "E",
        "message": "FAT Relation not recognized: RESERVED FOR D16",
        "context": {
          "rel": "RESERVED FOR D16"
        }
      },
      {
        "code": "E001",
        "severity": "E",
        "message": "FAT Relation not recognized: RESERVED FOR D16",
        "context": {
          "rel": "RESERVED FOR D16"
        }
      },
      {
        "code": "E001",
        "severity": "E",
        "message": "FAT Relation not recognized: RESERVED FOR D16",
        "context": {
          "rel": "RESERVED FOR D16"
        }
      },
      {
        "code": "E001",
        "severity": "E",
        "message": "FAT Relation not recognized: RESERVED FOR D16",
        "context": {
          "rel": "RESERVED FOR D16"
        }
      },
      {
        "code": "E001",
        "severity": "E",
        "message": "FAT Relation not recognized: RESERVED FOR D16",
        "context": {
          "rel": "RESERVED FOR D16"
        }
      },
      {
        "code": "E001",
        "severity": "E",
        "message": "FAT Relation not recognized: RESERVED FOR D16",
        "context": {
          "rel": "RESERVED FOR D16"
        }
      },
      {
        "code": "E001",
        "severity": "E",
        "message": "FAT Relation not recognized: RESERVED FOR D16",
        "context": {
          "rel": "RESERVED FOR D16"
        }
      },
      {
        "code": "E001",
        "severity": "E",
        "message": "FAT Relation not recognized: RESERVED FOR D16",
        "context": {
          "rel": "RESERVED FOR D16"
        }
      },
      {
        "code": "E001",
        "severity": "E",
        "message": "FAT Relation not recognized: RESERVED FOR D16",
        "context": {
          "rel": "RESERVED FOR D16"
        }
      },
      {
        "code": "E001",
        "severity": "E",
        "message": "FAT Relation not recognized: RESERVED FOR D16",
        "context": {
          "rel": "RESERVED FOR D16"
        }
      },
      {
        "code": "E001",
        "severity": "E",
        "message": "FAT Relation not recognized: RESERVED FOR D16",
        "context": {
          "rel": "RESERVED FOR D16"
        }
      },
      {
        "code": "E001",
        "severity": "E",
        "message": "FAT Relation not recognized: RESERVED FOR D16",
        "context": {
          "rel": "RESERVED FOR D16"
        }
      },
      {
        "code": "E001",
        "severity": "E",
        "message": "FAT Relation not recognized: RESERVED FOR D16",
        "context": {
          "rel": "RESERVED FOR D16"
        }
      },
      {
        "code": "E001",
        "severity": "E",
        "message": "FAT Relation not recognized: RESERVED FOR D16",
        "context": {
          "rel": "RESERVED FOR D16"
        }
      },
      {
        "code": "E001",
        "severity": "E",
        "message": "FAT Relation not recognized: RESERVED FOR D16",
        "context": {
          "rel": "RESERVED FOR D16"
        }
      },
      {
        "code": "E001",
        "severity": "E",
        "message": "FAT Relation not recognized: RESERVED FOR D16",
        "context": {
          "rel": "RESERVED FOR D16"
        }
      },
      {
        "code": "E001",
        "severity": "E",
        "message": "FAT Relation not recognized: RESERVED FOR D16",
        "context": {
          "rel": "RESERVED FOR D16"
        }
      },
      {
        "code": "E001",
        "severity": "E",
        "message": "FAT Relation not recognized: RESERVED FOR D16",
        "context": {
          "rel": "RESERVED FOR D16"
        }
      },
      {
        "code": "E001",
        "severity": "E",
        "message": "FAT Relation not recognized: RESERVED FOR D16",
        "context": {
          "rel": "RESERVED FOR D16"
        }
      },
      {
        "code": "E001",
        "severity": "E",
        "message": "FAT Relation not recognized: RESERVED FOR D16",
        "context": {
          "rel": "RESERVED FOR D16"
        }
      },
      {
        "code": "E001",
        "severity": "E",
        "message": "FAT Relation not recognized: RESERVED FOR D16",
        "context": {
          "rel": "RESERVED FOR D16"
        }
      },
      {
        "code": "E001",
        "severity": "E",
        "message": "FAT Relation not recognized: RESERVED FOR D16",
        "context": {
          "rel": "RESERVED FOR D16"
        }
      },
      {
        "code": "E001",
        "severity": "E",
        "message": "FAT Relation not recognized: RESERVED FOR D16",
        "context": {
          "rel": "RESERVED FOR D16"
        }
      },
      {
        "code": "E001",
        "severity": "E",
        "message": "FAT Relation not recognized: RESERVED FOR D16",
        "context": {
          "rel": "RESERVED FOR D16"
        }
      },
      {
        "code": "E001",
        "severity": "E",
        "message": "FAT Relation not recognized: RESERVED FOR D16",
        "context": {
          "rel": "RESERVED FOR D16"
        }
      },
      {
        "code": "E001",
        "severity": "E",
        "message": "FAT Relation not recognized: RESERVED FOR D16",
        "context": {
          "rel": "RESERVED FOR D16"
        }
      },
      {
        "code": "E001",
        "severity": "E",
        "message": "FAT Relation not recognized: RESERVED FOR D16",
        "context": {
          "rel": "RESERVED FOR D16"
        }
      },
      {
        "code": "E001",
        "severity": "E",
        "message": "FAT Relation not recognized: RESERVED FOR D16",
        "context": {
          "rel": "RESERVED FOR D16"
        }
      },
      {
        "code": "E001",
        "severity": "E",
        "message": "FAT Relation not recognized: RESERVED FOR D16",
        "context": {
          "rel": "RESERVED FOR D16"
        }
      },
      {
        "code": "E001",
        "severity": "E",
        "message": "FAT Relation not recognized: RESERVED FOR D16",
        "context": {
          "rel": "RESERVED FOR D16"
        }
      },
      {
        "code": "E001",
        "severity": "E",
        "message": "FAT Relation not recognized: RESERVED FOR D16",
        "context": {
          "rel": "RESERVED FOR D16"
        }
      },
      {
        "code": "E001",
        "severity": "E",
        "message": "FAT Relation not recognized: RESERVED FOR D16",
        "context": {
          "rel": "RESERVED FOR D16"
        }
      },
      {
        "code": "E001",
        "severity": "E",
        "message": "FAT Relation not recognized: RESERVED FOR D16",
        "context": {
          "rel": "RESERVED FOR D16"
        }
      },
      {
        "code": "E001",
        "severity": "E",
        "message": "FAT Relation not recognized: RESERVED FOR D16",
        "context": {
          "rel": "RESERVED FOR D16"
        }
      },
      {
        "code": "E001",
        "severity": "E",
        "message": "FAT Relation not recognized: RESERVED FOR D16",
        "context": {
          "rel": "RESERVED FOR D16"
        }
      },
      {
        "code": "E001",
        "severity": "E",
        "message": "FAT Relation not recognized: RESERVED FOR D16",
        "context": {
          "rel": "RESERVED FOR D16"
        }
      },
      {
        "code": "E001",
        "severity": "E",
        "message": "FAT Relation not recognized: RESERVED FOR D16",
        "context": {
          "rel": "RESERVED FOR D16"
        }
      },
      {
        "code": "E001",
        "severity": "E",
        "message": "FAT Relation not recognized: RESERVED FOR D16",
        "context": {
          "rel": "RESERVED FOR D16"
        }
      },
      {
        "code": "E001",
        "severity": "E",
        "message": "FAT Relation not recognized: RESERVED FOR D16",
        "context": {
          "rel": "RESERVED FOR D16"
        }
      },
      {
        "code": "E001",
        "severity": "E",
        "message": "FAT Relation not recognized: RESERVED FOR D16",
        "context": {
          "rel": "RESERVED FOR D16"
        }
      },
      {
        "code": "E001",
        "severity": "E",
        "message": "FAT Relation not recognized: RESERVED FOR D16",
        "context": {
          "rel": "RESERVED FOR D16"
        }
      },
      {
        "code": "E001",
        "severity": "E",
        "message": "FAT Relation not recognized: RESERVED FOR D16",
        "context": {
          "rel": "RESERVED FOR D16"
        }
      },
      {
        "code": "E001",
        "severity": "E",
        "message": "FAT Relation not recognized: RESERVED FOR D16",
        "context": {
          "rel": "RESERVED FOR D16"
        }
      },
      {
        "code": "E001",
        "severity": "E",
        "message": "FAT Relation not recognized: RESERVED FOR D16",
        "context": {
          "rel": "RESERVED FOR D16"
        }
      },
      {
        "code": "E001",
        "severity": "E",
        "message": "FAT Relation not recognized: RESERVED FOR D16",
        "context": {
          "rel": "RESERVED FOR D16"
        }
      },
      {
        "code": "E001",
        "severity": "E",
        "message": "FAT Relation not recognized: RESERVED FOR D16",
        "context": {
          "rel": "RESERVED FOR D16"
        }
      },
      {
        "code": "E001",
        "severity": "E",
        "message": "FAT Relation not recognized: RESERVED FOR D16",
        "context": {
          "rel": "RESERVED FOR D16"
        }
      },
      {
        "code": "E001",
        "severity": "E",
        "message": "FAT Relation not recognized: RESERVED FOR D16",
        "context": {
          "rel": "RESERVED FOR D16"
        }
      },
      {
        "code": "E001",
        "severity": "E",
        "message": "FAT Relation not recognized: RESERVED FOR D16",
        "context": {
          "rel": "RESERVED FOR D16"
        }
      },
      {
        "code": "E001",
        "severity": "E",
        "message": "FAT Relation not recognized: RESERVED FOR D16",
        "context": {
          "rel": "RESERVED FOR D16"
        }
      },
      {
        "code": "E001",
        "severity": "E",
        "message": "FAT Relation not recognized: RESERVED FOR D16",
        "context": {
          "rel": "RESERVED FOR D16"
        }
      },
      {
        "code": "E001",
        "severity": "E",
        "message": "FAT Relation not recognized: RESERVED FOR D16",
        "context": {
          "rel": "RESERVED FOR D16"
        }
      },
      {
        "code": "E001",
        "severity": "E",
        "message": "FAT Relation not recognized: RESERVED FOR D16",
        "context": {
          "rel": "RESERVED FOR D16"
        }
      },
      {
        "code": "E001",
        "severity": "E",
        "message": "FAT Relation not recognized: RESERVED FOR D16",
        "context": {
          "rel": "RESERVED FOR D16"
        }
      },
      {
        "code": "E001",
        "severity": "E",
        "message": "FAT Relation not recognized: RESERVED FOR D16",
        "context": {
          "rel": "RESERVED FOR D16"
        }
      },
      {
        "code": "E001",
        "severity": "E",
        "message": "FAT Relation not recognized: RESERVED FOR D16",
        "context": {
          "rel": "RESERVED FOR D16"
        }
      },
      {
        "code": "E001",
        "severity": "E",
        "message": "FAT Relation not recognized: RESERVED FOR D16",
        "context": {
          "rel": "RESERVED FOR D16"
        }
      },
      {
        "code": "E001",
        "severity": "E",
        "message": "FAT Relation not recognized: RESERVED FOR D16",
        "context": {
          "rel": "RESERVED FOR D16"
        }
      },
      {
        "code": "E001",
        "severity": "E",
        "message": "FAT Relation not recognized: RESERVED FOR D16",
        "context": {
          "rel": "RESERVED FOR D16"
        }
      },
      {
        "code": "E001",
        "severity": "E",
        "message": "FAT Relation not recognized: RESERVED FOR D16",
        "context": {
          "rel": "RESERVED FOR D16"
        }
      },
      {
        "code": "E001",
        "severity": "E",
        "message": "FAT Relation not recognized: RESERVED FOR D16",
        "context": {
          "rel": "RESERVED FOR D16"
        }
      },
      {
        "code": "E001",
        "severity": "E",
        "message": "FAT Relation not recognized: RESERVED FOR D16",
        "context": {
          "rel": "RESERVED FOR D16"
        }
      },
      {
        "code": "E001",
        "severity": "E",
        "message": "FAT Relation not recognized: RESERVED FOR D16",
        "context": {
          "rel": "RESERVED FOR D16"
        }
      },
      {
        "code": "E002",
        "severity": "E",
        "message": "Duplicate FAT output assignment: A001-01",
        "context": {
          "prev": "EAS102/1/1",
          "current": "/3/3"
        }
      },
      {
        "code": "E002",
        "severity": "E",
        "message": "Duplicate FAT output assignment: A005-01",
        "context": {
          "prev": "/1/1",
          "current": "/3/3"
        }
      },
      {
        "code": "E002",
        "severity": "E",
        "message": "Duplicate FAT output assignment: A009-01",
        "context": {
          "prev": "/1/1",
          "current": "/3/4"
        }
      },
      {
        "code": "E002",
        "severity": "E",
        "message": "Duplicate FAT output assignment: A017-01",
        "context": {
          "prev": "/1/2",
          "current": "/3/4"
        }
      },
      {
        "code": "E002",
        "severity": "E",
        "message": "Duplicate FAT output assignment: U021-01",
        "context": {
          "prev": "/2/10",
          "current": "/3/4"
        }
      },
      {
        "code": "E002",
        "severity": "E",
        "message": "Duplicate FAT output assignment: A001-01",
        "context": {
          "prev": "EAS102/1/1",
          "current": "/3/5"
        }
      },
      {
        "code": "E002",
        "severity": "E",
        "message": "Duplicate FAT output assignment: A005-01",
        "context": {
          "prev": "/1/1",
          "current": "/3/5"
        }
      },
      {
        "code": "E002",
        "severity": "E",
        "message": "Duplicate FAT output assignment: A009-01",
        "context": {
          "prev": "/1/1",
          "current": "/3/5"
        }
      },
      {
        "code": "E002",
        "severity": "E",
        "message": "Duplicate FAT output assignment: A013-01",
        "context": {
          "prev": "/1/1",
          "current": "/3/5"
        }
      },
      {
        "code": "E002",
        "severity": "E",
        "message": "Duplicate FAT output assignment: A017-01",
        "context": {
          "prev": "/1/2",
          "current": "/3/6"
        }
      },
      {
        "code": "E002",
        "severity": "E",
        "message": "Duplicate FAT output assignment: A003-02",
        "context": {
          "prev": "//",
          "current": "/3/6"
        }
      },
      {
        "code": "E001",
        "severity": "E",
        "message": "FAT Relation not recognized: EAS102E/D19a/A001-01",
        "context": {
          "rel": "EAS102E/D19a/A001-01"
        }
      },
      {
        "code": "E001",
        "severity": "E",
        "message": "FAT Relation not recognized: EAS102E/D19a/A002-01",
        "context": {
          "rel": "EAS102E/D19a/A002-01"
        }
      },
      {
        "code": "E001",
        "severity": "E",
        "message": "FAT Relation not recognized: EAS102E/D19a/A003-01",
        "context": {
          "rel": "EAS102E/D19a/A003-01"
        }
      },
      {
        "code": "E001",
        "severity": "E",
        "message": "FAT Relation not recognized: EAS102E/D19a/A004-01",
        "context": {
          "rel": "EAS102E/D19a/A004-01"
        }
      },
      {
        "code": "E001",
        "severity": "E",
        "message": "FAT Relation not recognized: EAS102E/D19a/A005-01",
        "context": {
          "rel": "EAS102E/D19a/A005-01"
        }
      },
      {
        "code": "E001",
        "severity": "E",
        "message": "FAT Relation not recognized: EAS102E/D19a/A006-01",
        "context": {
          "rel": "EAS102E/D19a/A006-01"
        }
      },
      {
        "code": "E001",
        "severity": "E",
        "message": "FAT Relation not recognized: EAS102E/D19a/A007-01",
        "context": {
          "rel": "EAS102E/D19a/A007-01"
        }
      },
      {
        "code": "E001",
        "severity": "E",
        "message": "FAT Relation not recognized: EAS102E/D19a/A008-01",
        "context": {
          "rel": "EAS102E/D19a/A008-01"
        }
      },
      {
        "code": "E001",
        "severity": "E",
        "message": "FAT Relation not recognized: EAS102E/D19a/A009-01",
        "context": {
          "rel": "EAS102E/D19a/A009-01"
        }
      },
      {
        "code": "E001",
        "severity": "E",
        "message": "FAT Relation not recognized: EAS102E/D19a/A010-01",
        "context": {
          "rel": "EAS102E/D19a/A010-01"
        }
      },
      {
        "code": "E001",
        "severity": "E",
        "message": "FAT Relation not recognized: EAS102E/D19a/A011-01",
        "context": {
          "rel": "EAS102E/D19a/A011-01"
        }
      },
      {
        "code": "E001",
        "severity": "E",
        "message": "FAT Relation not recognized: EAS102E/D19a/A012-01",
        "context": {
          "rel": "EAS102E/D19a/A012-01"
        }
      },
      {
        "code": "E001",
        "severity": "E",
        "message": "FAT Relation not recognized: EAS102E/D19a/A013-01",
        "context": {
          "rel": "EAS102E/D19a/A013-01"
        }
      },
      {
        "code": "E001",
        "severity": "E",
        "message": "FAT Relation not recognized: EAS102E/D19a/A014-01",
        "context": {
          "rel": "EAS102E/D19a/A014-01"
        }
      },
      {
        "code": "E001",
        "severity": "E",
        "message": "FAT Relation not recognized: EAS102E/D19a/A015-01",
        "context": {
          "rel": "EAS102E/D19a/A015-01"
        }
      },
      {
        "code": "E001",
        "severity": "E",
        "message": "FAT Relation not recognized: EAS102E/D19a/A016-01",
        "context": {
          "rel": "EAS102E/D19a/A016-01"
        }
      },
      {
        "code": "E001",
        "severity": "E",
        "message": "FAT Relation not recognized: EAS102E/D19a/A017-01",
        "context": {
          "rel": "EAS102E/D19a/A017-01"
        }
      },
      {
        "code": "E001",
        "severity": "E",
        "message": "FAT Relation not recognized: EAS102E/D19a/A018-01",
        "context": {
          "rel": "EAS102E/D19a/A018-01"
        }
      },
      {
        "code": "E001",
        "severity": "E",
        "message": "FAT Relation not recognized: EAS102E/D19a/A019-01",
        "context": {
          "rel": "EAS102E/D19a/A019-01"
        }
      },
      {
        "code": "E001",
        "severity": "E",
        "message": "FAT Relation not recognized: EAS102E/D19a/A020-01",
        "context": {
          "rel": "EAS102E/D19a/A020-01"
        }
      },
      {
        "code": "E001",
        "severity": "E",
        "message": "FAT Relation not recognized: EAS102E/D19a/A021-01",
        "context": {
          "rel": "EAS102E/D19a/A021-01"
        }
      },
      {
        "code": "E001",
        "severity": "E",
        "message": "FAT Relation not recognized: EAS102E/D19a/A022-01",
        "context": {
          "rel": "EAS102E/D19a/A022-01"
        }
      },
      {
        "code": "E001",
        "severity": "E",
        "message": "FAT Relation not recognized: EAS102E/D19a/A023-01",
        "context": {
          "rel": "EAS102E/D19a/A023-01"
        }
      },
      {
        "code": "E001",
        "severity": "E",
        "message": "FAT Relation not recognized: EAS102E/D19a/A024-01",
        "context": {
          "rel": "EAS102E/D19a/A024-01"
        }
      },
      {
        "code": "E001",
        "severity": "E",
        "message": "FAT Relation not recognized: EAS102E/D19a/A025-01",
        "context": {
          "rel": "EAS102E/D19a/A025-01"
        }
      },
      {
        "code": "E001",
        "severity": "E",
        "message": "FAT Relation not recognized: EAS102E/D19a/A026-01",
        "context": {
          "rel": "EAS102E/D19a/A026-01"
        }
      },
      {
        "code": "E001",
        "severity": "E",
        "message": "FAT Relation not recognized: EAS102E/D19b/A027-01",
        "context": {
          "rel": "EAS102E/D19b/A027-01"
        }
      },
      {
        "code": "E001",
        "severity": "E",
        "message": "FAT Relation not recognized: EAS102E/D19b/A028-01",
        "context": {
          "rel": "EAS102E/D19b/A028-01"
        }
      },
      {
        "code": "E001",
        "severity": "E",
        "message": "FAT Relation not recognized: EAS102E/D19b/A029-01",
        "context": {
          "rel": "EAS102E/D19b/A029-01"
        }
      },
      {
        "code": "E001",
        "severity": "E",
        "message": "FAT Relation not recognized: EAS102E/D19b/A030-01",
        "context": {
          "rel": "EAS102E/D19b/A030-01"
        }
      },
      {
        "code": "E001",
        "severity": "E",
        "message": "FAT Relation not recognized: EAS102E/D19b/M031-01",
        "context": {
          "rel": "EAS102E/D19b/M031-01"
        }
      },
      {
        "code": "E001",
        "severity": "E",
        "message": "FAT Relation not recognized: EAS102E/D19b/A032-01",
        "context": {
          "rel": "EAS102E/D19b/A032-01"
        }
      },
      {
        "code": "E001",
        "severity": "E",
        "message": "FAT Relation not recognized: EAS102E/D19b/A033-01",
        "context": {
          "rel": "EAS102E/D19b/A033-01"
        }
      },
      {
        "code": "E001",
        "severity": "E",
        "message": "FAT Relation not recognized: EAS102E/D19c/A034-01",
        "context": {
          "rel": "EAS102E/D19c/A034-01"
        }
      },
      {
        "code": "E001",
        "severity": "E",
        "message": "FAT Relation not recognized: EAS102E/D19c/A035-01",
        "context": {
          "rel": "EAS102E/D19c/A035-01"
        }
      },
      {
        "code": "E001",
        "severity": "E",
        "message": "FAT Relation not recognized: EAS102E/D19c/A036-01",
        "context": {
          "rel": "EAS102E/D19c/A036-01"
        }
      },
      {
        "code": "E001",
        "severity": "E",
        "message": "FAT Relation not recognized: EAS102E/D19a/A001-02",
        "context": {
          "rel": "EAS102E/D19a/A001-02"
        }
      },
      {
        "code": "E001",
        "severity": "E",
        "message": "FAT Relation not recognized: EAS102E/D19a/A002-02",
        "context": {
          "rel": "EAS102E/D19a/A002-02"
        }
      },
      {
        "code": "E001",
        "severity": "E",
        "message": "FAT Relation not recognized: EAS102E/D19a/A003-02",
        "context": {
          "rel": "EAS102E/D19a/A003-02"
        }
      },
      {
        "code": "E001",
        "severity": "E",
        "message": "FAT Relation not recognized: EAS102E/D19a/A004-02",
        "context": {
          "rel": "EAS102E/D19a/A004-02"
        }
      },
      {
        "code": "E001",
        "severity": "E",
        "message": "FAT Relation not recognized: EAS102E/D19a/A005-02",
        "context": {
          "rel": "EAS102E/D19a/A005-02"
        }
      },
      {
        "code": "E001",
        "severity": "E",
        "message": "FAT Relation not recognized: EAS102E/D19a/A006-02",
        "context": {
          "rel": "EAS102E/D19a/A006-02"
        }
      },
      {
        "code": "E001",
        "severity": "E",
        "message": "FAT Relation not recognized: EAS102E/D19a/A007-02",
        "context": {
          "rel": "EAS102E/D19a/A007-02"
        }
      },
      {
        "code": "E001",
        "severity": "E",
        "message": "FAT Relation not recognized: EAS102E/D19a/A008-02",
        "context": {
          "rel": "EAS102E/D19a/A008-02"
        }
      },
      {
        "code": "E001",
        "severity": "E",
        "message": "FAT Relation not recognized: EAS102E/D19a/A009-02",
        "context": {
          "rel": "EAS102E/D19a/A009-02"
        }
      },
      {
        "code": "E001",
        "severity": "E",
        "message": "FAT Relation not recognized: EAS102E/D19a/A010-02",
        "context": {
          "rel": "EAS102E/D19a/A010-02"
        }
      },
      {
        "code": "E001",
        "severity": "E",
        "message": "FAT Relation not recognized: EAS102E/D19a/A011-02",
        "context": {
          "rel": "EAS102E/D19a/A011-02"
        }
      },
      {
        "code": "E001",
        "severity": "E",
        "message": "FAT Relation not recognized: EAS102E/D19a/A012-02",
        "context": {
          "rel": "EAS102E/D19a/A012-02"
        }
      },
      {
        "code": "E001",
        "severity": "E",
        "message": "FAT Relation not recognized: EAS102E/D19a/A013-02",
        "context": {
          "rel": "EAS102E/D19a/A013-02"
        }
      },
      {
        "code": "E001",
        "severity": "E",
        "message": "FAT Relation not recognized: EAS102E/D19a/A014-02",
        "context": {
          "rel": "EAS102E/D19a/A014-02"
        }
      },
      {
        "code": "E001",
        "severity": "E",
        "message": "FAT Relation not recognized: EAS102E/D19a/A015-02",
        "context": {
          "rel": "EAS102E/D19a/A015-02"
        }
      },
      {
        "code": "E001",
        "severity": "E",
        "message": "FAT Relation not recognized: EAS102E/D19a/A016-02",
        "context": {
          "rel": "EAS102E/D19a/A016-02"
        }
      },
      {
        "code": "E001",
        "severity": "E",
        "message": "FAT Relation not recognized: EAS102E/D19a/A017-02",
        "context": {
          "rel": "EAS102E/D19a/A017-02"
        }
      },
      {
        "code": "E001",
        "severity": "E",
        "message": "FAT Relation not recognized: EAS102E/D19a/A018-02",
        "context": {
          "rel": "EAS102E/D19a/A018-02"
        }
      },
      {
        "code": "E001",
        "severity": "E",
        "message": "FAT Relation not recognized: EAS102E/D19a/A019-02",
        "context": {
          "rel": "EAS102E/D19a/A019-02"
        }
      },
      {
        "code": "E001",
        "severity": "E",
        "message": "FAT Relation not recognized: EAS102E/D19a/A020-02",
        "context": {
          "rel": "EAS102E/D19a/A020-02"
        }
      },
      {
        "code": "E001",
        "severity": "E",
        "message": "FAT Relation not recognized: EAS102E/D19a/A021-02",
        "context": {
          "rel": "EAS102E/D19a/A021-02"
        }
      },
      {
        "code": "E001",
        "severity": "E",
        "message": "FAT Relation not recognized: EAS102E/D19a/A022-02",
        "context": {
          "rel": "EAS102E/D19a/A022-02"
        }
      },
      {
        "code": "E001",
        "severity": "E",
        "message": "FAT Relation not recognized: EAS102E/D19a/A023-02",
        "context": {
          "rel": "EAS102E/D19a/A023-02"
        }
      },
      {
        "code": "E001",
        "severity": "E",
        "message": "FAT Relation not recognized: EAS102E/D19a/A024-02",
        "context": {
          "rel": "EAS102E/D19a/A024-02"
        }
      },
      {
        "code": "E001",
        "severity": "E",
        "message": "FAT Relation not recognized: EAS102E/D19a/A025-02",
        "context": {
          "rel": "EAS102E/D19a/A025-02"
        }
      },
      {
        "code": "E001",
        "severity": "E",
        "message": "FAT Relation not recognized: EAS102E/D19a/A026-02",
        "context": {
          "rel": "EAS102E/D19a/A026-02"
        }
      },
      {
        "code": "E001",
        "severity": "E",
        "message": "FAT Relation not recognized: EAS102E/D19b/A028-02",
        "context": {
          "rel": "EAS102E/D19b/A028-02"
        }
      },
      {
        "code": "E001",
        "severity": "E",
        "message": "FAT Relation not recognized: EAS102E/D19b/A029-02",
        "context": {
          "rel": "EAS102E/D19b/A029-02"
        }
      },
      {
        "code": "E001",
        "severity": "E",
        "message": "FAT Relation not recognized: EAS102E/D19b/M031-02",
        "context": {
          "rel": "EAS102E/D19b/M031-02"
        }
      },
      {
        "code": "E001",
        "severity": "E",
        "message": "FAT Relation not recognized: EAS102E/D19b/A033-02",
        "context": {
          "rel": "EAS102E/D19b/A033-02"
        }
      },
      {
        "code": "E001",
        "severity": "E",
        "message": "FAT Relation not recognized: EAS102E/D19c/A034-02",
        "context": {
          "rel": "EAS102E/D19c/A034-02"
        }
      },
      {
        "code": "E001",
        "severity": "E",
        "message": "FAT Relation not recognized: EAS102E/D19c/A035-02",
        "context": {
          "rel": "EAS102E/D19c/A035-02"
        }
      },
      {
        "code": "E001",
        "severity": "E",
        "message": "FAT Relation not recognized: EAS102E/D19c/A036-02",
        "context": {
          "rel": "EAS102E/D19c/A036-02"
        }
      },
      {
        "code": "E001",
        "severity": "E",
        "message": "FAT Relation not recognized: EAS102E/D19a/A003-03",
        "context": {
          "rel": "EAS102E/D19a/A003-03"
        }
      },
      {
        "code": "E001",
        "severity": "E",
        "message": "FAT Relation not recognized: EAS102E/D19a/A005-03",
        "context": {
          "rel": "EAS102E/D19a/A005-03"
        }
      },
      {
        "code": "E001",
        "severity": "E",
        "message": "FAT Relation not recognized: EAS102E/D19a/A007-03",
        "context": {
          "rel": "EAS102E/D19a/A007-03"
        }
      },
      {
        "code": "E001",
        "severity": "E",
        "message": "FAT Relation not recognized: EAS102E/D19a/A008-03",
        "context": {
          "rel": "EAS102E/D19a/A008-03"
        }
      },
      {
        "code": "E001",
        "severity": "E",
        "message": "FAT Relation not recognized: EAS102E/D19a/A013-03",
        "context": {
          "rel": "EAS102E/D19a/A013-03"
        }
      },
      {
        "code": "E001",
        "severity": "E",
        "message": "FAT Relation not recognized: EAS102E/D19a/A014-03",
        "context": {
          "rel": "EAS102E/D19a/A014-03"
        }
      },
      {
        "code": "E001",
        "severity": "E",
        "message": "FAT Relation not recognized: EAS102E/D19a/A015-03",
        "context": {
          "rel": "EAS102E/D19a/A015-03"
        }
      },
      {
        "code": "E001",
        "severity": "E",
        "message": "FAT Relation not recognized: EAS102E/D19a/A018-03",
        "context": {
          "rel": "EAS102E/D19a/A018-03"
        }
      },
      {
        "code": "E001",
        "severity": "E",
        "message": "FAT Relation not recognized: EAS102E/D19a/A022-03",
        "context": {
          "rel": "EAS102E/D19a/A022-03"
        }
      },
      {
        "code": "E001",
        "severity": "E",
        "message": "FAT Relation not recognized: EAS102E/D19b/A029-03",
        "context": {
          "rel": "EAS102E/D19b/A029-03"
        }
      },
      {
        "code": "E001",
        "severity": "E",
        "message": "FAT Relation not recognized: EAS102E/D19b/M031-03",
        "context": {
          "rel": "EAS102E/D19b/M031-03"
        }
      },
      {
        "code": "E001",
        "severity": "E",
        "message": "FAT Relation not recognized: EAS102E/D19c/A034-03",
        "context": {
          "rel": "EAS102E/D19c/A034-03"
        }
      },
      {
        "code": "E001",
        "severity": "E",
        "message": "FAT Relation not recognized: EAS102E/D19c/A036-03",
        "context": {
          "rel": "EAS102E/D19c/A036-03"
        }
      },
      {
        "code": "E001",
        "severity": "E",
        "message": "FAT Relation not recognized: EAS102E/D19b/M031-04",
        "context": {
          "rel": "EAS102E/D19b/M031-04"
        }
      },
      {
        "code": "E001",
        "severity": "E",
        "message": "FAT Relation not recognized: EAS102E/D19b/M031-05",
        "context": {
          "rel": "EAS102E/D19b/M031-05"
        }
      },
      {
        "code": "E001",
        "severity": "E",
        "message": "FAT Relation not recognized: EAS102F/D20b/A001-01",
        "context": {
          "rel": "EAS102F/D20b/A001-01"
        }
      },
      {
        "code": "E001",
        "severity": "E",
        "message": "FAT Relation not recognized: EAS102F/D20b/A001-02",
        "context": {
          "rel": "EAS102F/D20b/A001-02"
        }
      },
      {
        "code": "E001",
        "severity": "E",
        "message": "FAT Relation not recognized: EAS102F/D20b/A002-01",
        "context": {
          "rel": "EAS102F/D20b/A002-01"
        }
      },
      {
        "code": "E001",
        "severity": "E",
        "message": "FAT Relation not recognized: EAS102F/D20b/A002-02",
        "context": {
          "rel": "EAS102F/D20b/A002-02"
        }
      },
      {
        "code": "E001",
        "severity": "E",
        "message": "FAT Relation not recognized: EAS102F/D20 RESERVED - BUSINESS FTTP",
        "context": {
          "rel": "EAS102F/D20 RESERVED - BUSINESS FTTP"
        }
      },
      {
        "code": "E001",
        "severity": "E",
        "message": "FAT Relation not recognized: EAS102F/D20 RESERVED - BUSINESS FTTP",
        "context": {
          "rel": "EAS102F/D20 RESERVED - BUSINESS FTTP"
        }
      },
      {
        "code": "E001",
        "severity": "E",
        "message": "FAT Relation not recognized: EAS102F/D20 RESERVED - BUSINESS FTTP",
        "context": {
          "rel": "EAS102F/D20 RESERVED - BUSINESS FTTP"
        }
      },
      {
        "code": "E001",
        "severity": "E",
        "message": "FAT Relation not recognized: EAS102F/D20 RESERVED - BUSINESS FTTP",
        "context": {
          "rel": "EAS102F/D20 RESERVED - BUSINESS FTTP"
        }
      },
      {
        "code": "E001",
        "severity": "E",
        "message": "FAT Relation not recognized: EAS102F/D20 RESERVED - BUSINESS FTTP",
        "context": {
          "rel": "EAS102F/D20 RESERVED - BUSINESS FTTP"
        }
      },
      {
        "code": "E001",
        "severity": "E",
        "message": "FAT Relation not recognized: EAS102F/D20 RESERVED - BUSINESS FTTP",
        "context": {
          "rel": "EAS102F/D20 RESERVED - BUSINESS FTTP"
        }
      },
      {
        "code": "E001",
        "severity": "E",
        "message": "FAT Relation not recognized: EAS102F/D20 RESERVED - BUSINESS FTTP",
        "context": {
          "rel": "EAS102F/D20 RESERVED - BUSINESS FTTP"
        }
      },
      {
        "code": "E001",
        "severity": "E",
        "message": "FAT Relation not recognized: EAS102F/D20 RESERVED - BUSINESS FTTP",
        "context": {
          "rel": "EAS102F/D20 RESERVED - BUSINESS FTTP"
        }
      },
      {
        "code": "E001",
        "severity": "E",
        "message": "FAT Relation not recognized: EAS102F/D20 RESERVED - BUSINESS FTTP",
        "context": {
          "rel": "EAS102F/D20 RESERVED - BUSINESS FTTP"
        }
      },
      {
        "code": "E001",
        "severity": "E",
        "message": "FAT Relation not recognized: EAS102F/D20 RESERVED - BUSINESS FTTP",
        "context": {
          "rel": "EAS102F/D20 RESERVED - BUSINESS FTTP"
        }
      },
      {
        "code": "E001",
        "severity": "E",
        "message": "FAT Relation not recognized: EAS102F/D20 RESERVED - BUSINESS FTTP",
        "context": {
          "rel": "EAS102F/D20 RESERVED - BUSINESS FTTP"
        }
      },
      {
        "code": "E001",
        "severity": "E",
        "message": "FAT Relation not recognized: EAS102F/D20 RESERVED - BUSINESS FTTP",
        "context": {
          "rel": "EAS102F/D20 RESERVED - BUSINESS FTTP"
        }
      },
      {
        "code": "E001",
        "severity": "E",
        "message": "FAT Relation not recognized: EAS102F/D20 RESERVED - BUSINESS FTTP",
        "context": {
          "rel": "EAS102F/D20 RESERVED - BUSINESS FTTP"
        }
      },
      {
        "code": "E001",
        "severity": "E",
        "message": "FAT Relation not recognized: EAS102F/D20 RESERVED - BUSINESS FTTP",
        "context": {
          "rel": "EAS102F/D20 RESERVED - BUSINESS FTTP"
        }
      },
      {
        "code": "E001",
        "severity": "E",
        "message": "FAT Relation not recognized: EAS102F/D20 RESERVED - BUSINESS FTTP",
        "context": {
          "rel": "EAS102F/D20 RESERVED - BUSINESS FTTP"
        }
      },
      {
        "code": "E001",
        "severity": "E",
        "message": "FAT Relation not recognized: EAS102F/D20 RESERVED - BUSINESS FTTP",
        "context": {
          "rel": "EAS102F/D20 RESERVED - BUSINESS FTTP"
        }
      },
      {
        "code": "E001",
        "severity": "E",
        "message": "FAT Relation not recognized: EAS102F/D20 RESERVED - BUSINESS FTTP",
        "context": {
          "rel": "EAS102F/D20 RESERVED - BUSINESS FTTP"
        }
      },
      {
        "code": "E001",
        "severity": "E",
        "message": "FAT Relation not recognized: EAS102F/D20 RESERVED - BUSINESS FTTP",
        "context": {
          "rel": "EAS102F/D20 RESERVED - BUSINESS FTTP"
        }
      },
      {
        "code": "E001",
        "severity": "E",
        "message": "FAT Relation not recognized: EAS102F/D20 RESERVED - BUSINESS FTTP",
        "context": {
          "rel": "EAS102F/D20 RESERVED - BUSINESS FTTP"
        }
      },
      {
        "code": "E001",
        "severity": "E",
        "message": "FAT Relation not recognized: EAS102F/D20 RESERVED - BUSINESS FTTP",
        "context": {
          "rel": "EAS102F/D20 RESERVED - BUSINESS FTTP"
        }
      },
      {
        "code": "E001",
        "severity": "E",
        "message": "FAT Relation not recognized: EAS102F/D20 RESERVED - BUSINESS FTTP",
        "context": {
          "rel": "EAS102F/D20 RESERVED - BUSINESS FTTP"
        }
      },
      {
        "code": "E001",
        "severity": "E",
        "message": "FAT Relation not recognized: EAS102F/D20 RESERVED - BUSINESS FTTP",
        "context": {
          "rel": "EAS102F/D20 RESERVED - BUSINESS FTTP"
        }
      },
      {
        "code": "E001",
        "severity": "E",
        "message": "FAT Relation not recognized: EAS102F/D20 RESERVED - BUSINESS FTTP",
        "context": {
          "rel": "EAS102F/D20 RESERVED - BUSINESS FTTP"
        }
      },
      {
        "code": "E001",
        "severity": "E",
        "message": "FAT Relation not recognized: EAS102F/D20 RESERVED - BUSINESS FTTP",
        "context": {
          "rel": "EAS102F/D20 RESERVED - BUSINESS FTTP"
        }
      },
      {
        "code": "E001",
        "severity": "E",
        "message": "FAT Relation not recognized: B-End - Custumer Address",
        "context": {
          "rel": "B-End - Custumer Address"
        }
      },
      {
        "code": "E001",
        "severity": "E",
        "message": "FAT Relation not recognized: MS3SYP28 - Preston Road Police Station - Preston Road, Hull, HU9 3TB",
        "context": {
          "rel": "MS3SYP28 - Preston Road Police Station - Preston Road, Hull, HU9 3TB"
        }
      },
      {
        "code": "E001",
        "severity": "E",
        "message": "FAT Relation not recognized: ETHERNET ORD93725052 MULBERRY COURT, HU9 5TW",
        "context": {
          "rel": "ETHERNET ORD93725052 MULBERRY COURT, HU9 5TW"
        }
      },
      {
        "code": "I006",
        "severity": "I",
        "message": "D-site present with no active SPLICED references in OLT: EAS102D/D16"
      },
      {
        "code": "I006",
        "severity": "I",
        "message": "D-site present with no active SPLICED references in OLT: EAS102E/D19"
      },
      {
        "code": "I006",
        "severity": "I",
        "message": "D-site present with no active SPLICED references in OLT: EAS102F/D20"
      },
      {
        "code": "W005",
        "severity": "W",
        "message": "SPARE=48, RESERVED=0 for EAS102A"
      },
      {
        "code": "W005",
        "severity": "W",
        "message": "SPARE=40, RESERVED=0 for EAS102B"
      },
      {
        "code": "W005",
        "severity": "W",
        "message": "SPARE=32, RESERVED=0 for EAS102C"
      },
      {
        "code": "W005",
        "severity": "W",
        "message": "SPARE=18, RESERVED=0 for EAS102D"
      }
    ],
    "summary": {
      "oltRowsProcessed": 165,
      "legs": 6,
      "dSites": 20,
      "sSites": 5,
      "splitterGroups": 0,
      "fats": 0,
      "spareCount": 455,
      "reservedCount": 0
    }
  }
}