side_a_device,side_a_type,side_a_name,side_b_device,side_b_type,side_b_name,type,tenant,length,length_unit,status
HUL107B/D06,dcim.frontport,A1,HUL107B/D06,dcim.rearport,1,smf-os2,MS3,1,m,connected
HUL107B/D06,dcim.frontport,A2,HUL107B/D06,dcim.rearport,2,smf-os2,MS3,1,m,connected
HUL107B/D06,dcim.frontport,A3,HUL107B/D06,dcim.rearport,3,smf-os2,MS3,1,m,connected
HUL107B/D06,dcim.frontport,A4,HUL107B/D06,dcim.rearport,4,smf-os2,MS3,1,m,connected
HUL107B/D06,dcim.frontport,A5,HUL107B/D06,dcim.rearport,5,smf-os2,MS3,1,m,connected
HUL107B/D06,dcim.frontport,A6,HUL107B/D06,dcim.rearport,6,smf-os2,MS3,1,m,connected
HUL107B/D06,dcim.frontport,A7,HUL107B/D06,dcim.rearport,7,smf-os2,MS3,1,m,connected
HUL107B/D06,dcim.frontport,A8,HUL107B/D06,dcim.rearport,8,smf-os2,MS3,1,m,planned
HUL107B/D06,dcim.frontport,A9,HUL107B/D06,dcim.rearport,9,smf-os2,MS3,1,m,planned
HUL107B/D06,dcim.frontport,A10,HUL107B/D06,dcim.rearport,10,smf-os2,MS3,1,m,planned
HUL107B/D06,dcim.frontport,A11,HUL107B/D06,dcim.rearport,11,smf-os2,MS3,1,m,planned
HUL107B/D06,dcim.frontport,A12,HUL107B/D06,dcim.rearport,12,smf-os2,MS3,1,m,planned
HUL107B/D06,dcim.frontport,A13,HUL107B/D06,dcim.rearport,13,smf-os2,MS3,1,m,planned
HUL107B/D06,dcim.frontport,A14,HUL107B/D06,dcim.rearport,14,smf-os2,MS3,1,m,planned
HUL107B/D06,dcim.frontport,01/01,HUL107B/D06,dcim.frontport,a1,smf-os2,MS3,1,m,connected
HUL107B/D06,dcim.frontport,01/02,HUL107B/D06,dcim.frontport,a4,smf-os2,MS3,1,m,connected
HUL107B/D06,dcim.frontport,01/03,HUL107B/D06,dcim.frontport,a7,smf-os2,MS3,1,m,connected
HUL107B/D06,dcim.frontport,01/04,HUL107B/D06,dcim.frontport,a10,smf-os2,MS3,1,m,connected
HUL107B/D06,dcim.frontport,02/01,HUL107B/D06,dcim.frontport,a13,smf-os2,MS3,1,m,connected
HUL107B/D06,dcim.frontport,02/02,HUL107B/D06,dcim.frontport,a16,smf-os2,MS3,1,m,connected
HUL107B/D06,dcim.frontport,02/04,HUL107B/D06,dcim.frontport,a22,smf-os2,MS3,1,m,connected
HUL107B/D06,dcim.frontport,03/01,HUL107B/D06,dcim.frontport,a25,smf-os2,MS3,1,m,connected
HUL107B/D06,dcim.frontport,03/02,HUL107B/D06,dcim.frontport,a28,smf-os2,MS3,1,m,connected
HUL107B/D06,dcim.frontport,03/03,HUL107B/D06,dcim.frontport,a31,smf-os2,MS3,1,m,connected
HUL107B/D06,dcim.frontport,03/04,HUL107B/D06,dcim.frontport,a34,smf-os2,MS3,1,m,connected
HUL107B/D06,dcim.frontport,04/01,HUL107B/D06,dcim.frontport,a37,smf-os2,MS3,1,m,connected
HUL107B/D06,dcim.frontport,04/02,HUL107B/D06,dcim.frontport,a40,smf-os2,MS3,1,m,connected
HUL107B/D06,dcim.frontport,04/03,HUL107B/D06,dcim.frontport,a43,smf-os2,MS3,1,m,connected
HUL107B/D06,dcim.frontport,04/04,HUL107B/D06,dcim.frontport,a46,smf-os2,MS3,1,m,connected
HUL107B/D06,dcim.frontport,05/01,HUL107B/D06,dcim.frontport,a49,smf-os2,MS3,1,m,connected
HUL107B/D06,dcim.frontport,05/02,HUL107B/D06,dcim.frontport,a52,smf-os2,MS3,1,m,connected
HUL107B/D06,dcim.frontport,05/03,HUL107B/D06,dcim.frontport,a55,smf-os2,MS3,1,m,connected
HUL107B/D06,dcim.frontport,05/04,HUL107B/D06,dcim.frontport,b1,smf-os2,MS3,1,m,connected
HUL107B/D06,dcim.frontport,06/01,HUL107B/D06,dcim.frontport,b4,smf-os2,MS3,1,m,connected
HUL107B/D06,dcim.frontport,06/02,HUL107B/D06,dcim.frontport,b7,smf-os2,MS3,1,m,connected
HUL107B/D06,dcim.frontport,06/03,HUL107B/D06,dcim.frontport,b10,smf-os2,MS3,1,m,connected
HUL107B/D06,dcim.frontport,06/04,HUL107B/D06,dcim.frontport,b13,smf-os2,MS3,1,m,connected
HUL107B/D06,dcim.frontport,07/01,HUL107B/D06,dcim.frontport,c1,smf-os2,MS3,1,m,connected
HUL107B/D06,dcim.frontport,07/02,HUL107B/D06,dcim.frontport,c4,smf-os2,MS3,1,m,connected
HUL107B/D06,dcim.frontport,07/03,HUL107B/D06,dcim.frontport,a29,smf-os2,MS3,1,m,connected
HUL107B/D06,dcim.frontport,07/04,HUL107B/D06,dcim.frontport,a30,smf-os2,MS3,1,m,connected
HUL107B/D06,dcim.frontport,08/01,HUL107B/D06,dcim.frontport,a2,smf-os2,MS3,1,m,planned
HUL107B/D06,dcim.frontport,08/02,HUL107B/D06,dcim.frontport,a5,smf-os2,MS3,1,m,planned
HUL107B/D06,dcim.frontport,08/03,HUL107B/D06,dcim.frontport,a8,smf-os2,MS3,1,m,planned
HUL107B/D06,dcim.frontport,08/04,HUL107B/D06,dcim.frontport,a11,smf-os2,MS3,1,m,planned
HUL107B/D06,dcim.frontport,09/01,HUL107B/D06,dcim.frontport,a14,smf-os2,MS3,1,m,planned
HUL107B/D06,dcim.frontport,09/02,HUL107B/D06,dcim.frontport,a17,smf-os2,MS3,1,m,planned
HUL107B/D06,dcim.frontport,09/03,HUL107B/D06,dcim.frontport,a23,smf-os2,MS3,1,m,planned
HUL107B/D06,dcim.frontport,09/04,HUL107B/D06,dcim.frontport,a32,smf-os2,MS3,1,m,planned
HUL107B/D06,dcim.frontport,10/01,HUL107B/D06,dcim.frontport,a35,smf-os2,MS3,1,m,planned
HUL107B/D06,dcim.frontport,10/02,HUL107B/D06,dcim.frontport,a38,smf-os2,MS3,1,m,planned
HUL107B/D06,dcim.frontport,10/03,HUL107B/D06,dcim.frontport,a41,smf-os2,MS3,1,m,planned
HUL107B/D06,dcim.frontport,10/04,HUL107B/D06,dcim.frontport,a44,smf-os2,MS3,1,m,planned
HUL107B/D06,dcim.frontport,11/01,HUL107B/D06,dcim.frontport,a2,smf-os2,MS3,1,m,planned
HUL107B/D06,dcim.frontport,11/02,HUL107B/D06,dcim.frontport,a47,smf-os2,MS3,1,m,planned
HUL107B/D06,dcim.frontport,11/03,HUL107B/D06,dcim.frontport,b2,smf-os2,MS3,1,m,planned
HUL107B/D06,dcim.frontport,11/04,HUL107B/D06,dcim.frontport,b5,smf-os2,MS3,1,m,planned
HUL107B/D06,dcim.frontport,12/01,HUL107B/D06,dcim.frontport,b8,smf-os2,MS3,1,m,planned
HUL107B/D06,dcim.frontport,12/02,HUL107B/D06,dcim.frontport,c11,smf-os2,MS3,1,m,planned
HUL107B/D06,dcim.frontport,12/03,HUL107B/D06,dcim.frontport,a14,smf-os2,MS3,1,m,planned
HUL107B/D06,dcim.frontport,12/04,HUL107B/D06,dcim.frontport,a9,smf-os2,MS3,1,m,planned
HUL107B/D06,dcim.frontport,13/01,HUL107B/D06,dcim.frontport,a12,smf-os2,MS3,1,m,planned
HUL107B/D06,dcim.frontport,13/02,HUL107B/D06,dcim.frontport,a18,smf-os2,MS3,1,m,planned
HUL107B/D06,dcim.frontport,13/03,HUL107B/D06,dcim.frontport,a24,smf-os2,MS3,1,m,planned
HUL107B/D06,dcim.frontport,13/04,HUL107B/D06,dcim.frontport,a33,smf-os2,MS3,1,m,planned
HUL107B/D06,dcim.frontport,14/01,HUL107B/D06,dcim.frontport,b39,smf-os2,MS3,1,m,planned
HUL107B/D06,dcim.frontport,14/02,HUL107B/D06,dcim.frontport,b9,smf-os2,MS3,1,m,planned
HUL107B/D06,dcim.frontport,14/03,HUL107B/D06,dcim.frontport,b12,smf-os2,MS3,1,m,planned
HUL107B/D06,dcim.frontport,14/04,HUL107B/D06,dcim.frontport,b15,smf-os2,MS3,1,m,planned
HUL107B/D06,dcim.frontport,A25,HUL107B/D06,dcim.frontport,B25,smf-os2,MS3,0,m,connected
HUL107B/D06,dcim.frontport,A26,HUL107B/D06,dcim.frontport,B26,smf-os2,MS3,0,m,connected
HUL107B/D06,dcim.frontport,A27,HUL107B/D06,dcim.frontport,B27,smf-os2,MS3,0,m,connected
HUL107B/D06,dcim.frontport,A28,HUL107B/D06,dcim.frontport,B28,smf-os2,MS3,0,m,connected
HUL107B/D06,dcim.frontport,A29,HUL107B/D06,dcim.frontport,B29,smf-os2,MS3,0,m,connected
HUL107B/D06,dcim.frontport,A30,HUL107B/D06,dcim.frontport,B30,smf-os2,MS3,0,m,connected
HUL107B/D06,dcim.frontport,A31,HUL107B/D06,dcim.frontport,B31,smf-os2,MS3,0,m,connected
HUL107B/D06,dcim.frontport,A32,HUL107B/D06,dcim.frontport,B32,smf-os2,MS3,0,m,connected
HUL107B/D06,dcim.frontport,A33,HUL107B/D06,dcim.frontport,B33,smf-os2,MS3,0,m,connected
HUL107B/D06,dcim.frontport,A34,HUL107B/D06,dcim.frontport,B34,smf-os2,MS3,0,m,connected
HUL107B/D06,dcim.frontport,A35,HUL107B/D06,dcim.frontport,B35,smf-os2,MS3,0,m,connected
HUL107B/D06,dcim.frontport,A36,HUL107B/D06,dcim.frontport,B36,smf-os2,MS3,0,m,connected
HUL107B/D06,dcim.frontport,A37,HUL107B/D06,dcim.frontport,B37,smf-os2,MS3,0,m,connected
HUL107B/D06,dcim.frontport,A38,HUL107B/D06,dcim.frontport,B38,smf-os2,MS3,0,m,connected
HUL107B/D06,dcim.frontport,A39,HUL107B/D06,dcim.frontport,B39,smf-os2,MS3,0,m,connected
HUL107B/D06,dcim.frontport,A40,HUL107B/D06,dcim.frontport,B40,smf-os2,MS3,0,m,connected
HUL107B/D06,dcim.frontport,A41,HUL107B/D06,dcim.frontport,B41,smf-os2,MS3,0,m,connected
HUL107B/D06,dcim.frontport,A42,HUL107B/D06,dcim.frontport,B42,smf-os2,MS3,0,m,connected
HUL107B/D06,dcim.frontport,A43,HUL107B/D06,dcim.frontport,B43,smf-os2,MS3,0,m,connected
HUL107B/D06,dcim.frontport,A44,HUL107B/D06,dcim.frontport,B44,smf-os2,MS3,0,m,connected
HUL107B/D06,dcim.frontport,A45,HUL107B/D06,dcim.frontport,B45,smf-os2,MS3,0,m,connected
HUL107B/D06,dcim.frontport,A46,HUL107B/D06,dcim.frontport,B46,smf-os2,MS3,0,m,connected
HUL107B/D06,dcim.frontport,A47,HUL107B/D06,dcim.frontport,B47,smf-os2,MS3,0,m,connected
HUL107B/D06,dcim.frontport,A48,HUL107B/D06,dcim.frontport,B48,smf-os2,MS3,0,m,connected
HUL107B/D06,dcim.frontport,A49,HUL107B/D06,dcim.frontport,B49,smf-os2,MS3,0,m,connected
HUL107B/D06,dcim.frontport,A50,HUL107B/D06,dcim.frontport,B50,smf-os2,MS3,0,m,connected
HUL107B/D06,dcim.frontport,A51,HUL107B/D06,dcim.frontport,B51,smf-os2,MS3,0,m,connected
HUL107B/D06,dcim.frontport,A52,HUL107B/D06,dcim.frontport,B52,smf-os2,MS3,0,m,connected
HUL107B/D06,dcim.frontport,A53,HUL107B/D06,dcim.frontport,B53,smf-os2,MS3,0,m,connected
HUL107B/D06,dcim.frontport,A54,HUL107B/D06,dcim.frontport,B54,smf-os2,MS3,0,m,connected
HUL107B/D06,dcim.frontport,A55,HUL107B/D06,dcim.frontport,B55,smf-os2,MS3,0,m,connected
HUL107B/D06,dcim.frontport,A56,HUL107B/D06,dcim.frontport,B56,smf-os2,MS3,0,m,connected
HUL107B/D06,dcim.frontport,A57,HUL107B/D06,dcim.frontport,B57,smf-os2,MS3,0,m,connected
HUL107B/D06,dcim.frontport,A58,HUL107B/D06,dcim.frontport,B58,smf-os2,MS3,0,m,connected
HUL107B/D06,dcim.frontport,A59,HUL107B/D06,dcim.frontport,B59,smf-os2,MS3,0,m,connected
HUL107B/D06,dcim.frontport,A60,HUL107B/D06,dcim.frontport,B60,smf-os2,MS3,0,m,connected
HUL107B/D06,dcim.frontport,A61,HUL107B/D06,dcim.frontport,B61,smf-os2,MS3,0,m,connected
HUL107B/D06,dcim.frontport,A62,HUL107B/D06,dcim.frontport,B62,smf-os2,MS3,0,m,connected
HUL107B/D06,dcim.frontport,A63,HUL107B/D06,dcim.frontport,B63,smf-os2,MS3,0,m,connected
HUL107B/D06,dcim.frontport,A64,HUL107B/D06,dcim.frontport,B64,smf-os2,MS3,0,m,connected
HUL107B/D06,dcim.frontport,A65,HUL107B/D06,dcim.frontport,B65,smf-os2,MS3,0,m,connected
HUL107B/D06,dcim.frontport,A66,HUL107B/D06,dcim.frontport,B66,smf-os2,MS3,0,m,connected
HUL107B/D06,dcim.frontport,A67,HUL107B/D06,dcim.frontport,B67,smf-os2,MS3,0,m,connected
HUL107B/D06,dcim.frontport,A68,HUL107B/D06,dcim.frontport,B68,smf-os2,MS3,0,m,connected
HUL107B/D06,dcim.frontport,A69,HUL107B/D06,dcim.frontport,B69,smf-os2,MS3,0,m,connected
HUL107B/D06,dcim.frontport,A70,HUL107B/D06,dcim.frontport,B70,smf-os2,MS3,0,m,connected
HUL107B/D06,dcim.frontport,A71,HUL107B/D06,dcim.frontport,B71,smf-os2,MS3,0,m,connected
HUL107B/D06,dcim.frontport,A72,HUL107B/D06,dcim.frontport,B72,smf-os2,MS3,0,m,connected
HUL107B/D06,dcim.frontport,A73,HUL107B/D06,dcim.frontport,B73,smf-os2,MS3,0,m,connected
HUL107B/D06,dcim.frontport,A74,HUL107B/D06,dcim.frontport,B74,smf-os2,MS3,0,m,connected
HUL107B/D06,dcim.frontport,A75,HUL107B/D06,dcim.frontport,B75,smf-os2,MS3,0,m,connected
HUL107B/D06,dcim.frontport,A76,HUL107B/D06,dcim.frontport,B76,smf-os2,MS3,0,m,connected
HUL107B/D06,dcim.frontport,A77,HUL107B/D06,dcim.frontport,B77,smf-os2,MS3,0,m,connected
HUL107B/D06,dcim.frontport,A78,HUL107B/D06,dcim.frontport,B78,smf-os2,MS3,0,m,connected
HUL107B/D06,dcim.frontport,A79,HUL107B/D06,dcim.frontport,B79,smf-os2,MS3,0,m,connected
HUL107B/D06,dcim.frontport,A80,HUL107B/D06,dcim.frontport,B80,smf-os2,MS3,0,m,connected
HUL107B/D06,dcim.frontport,A81,HUL107B/D06,dcim.frontport,B81,smf-os2,MS3,0,m,connected
HUL107B/D06,dcim.frontport,A82,HUL107B/D06,dcim.frontport,B82,smf-os2,MS3,0,m,connected
HUL107B/D06,dcim.frontport,A83,HUL107B/D06,dcim.frontport,B83,smf-os2,MS3,0,m,connected
HUL107B/D06,dcim.frontport,A84,HUL107B/D06,dcim.frontport,B84,smf-os2,MS3,0,m,connected
HUL107B/D06,dcim.frontport,A85,HUL107B/D06,dcim.frontport,B85,smf-os2,MS3,0,m,connected
HUL107B/D06,dcim.frontport,A86,HUL107B/D06,dcim.frontport,B86,smf-os2,MS3,0,m,connected
HUL107B/D06,dcim.frontport,A87,HUL107B/D06,dcim.frontport,B87,smf-os2,MS3,0,m,connected
HUL107B/D06,dcim.frontport,A88,HUL107B/D06,dcim.frontport,B88,smf-os2,MS3,0,m,connected
HUL107B/D06,dcim.frontport,A89,HUL107B/D06,dcim.frontport,B89,smf-os2,MS3,0,m,connected
HUL107B/D06,dcim.frontport,A90,HUL107B/D06,dcim.frontport,B90,smf-os2,MS3,0,m,connected
HUL107B/D06,dcim.frontport,A91,HUL107B/D06,dcim.frontport,B91,smf-os2,MS3,0,m,connected
HUL107B/D06,dcim.frontport,A92,HUL107B/D06,dcim.frontport,B92,smf-os2,MS3,0,m,connected
HUL107B/D06,dcim.frontport,A93,HUL107B/D06,dcim.frontport,B93,smf-os2,MS3,0,m,connected
HUL107B/D06,dcim.frontport,A94,HUL107B/D06,dcim.frontport,B94,smf-os2,MS3,0,m,connected
HUL107B/D06,dcim.frontport,A95,HUL107B/D06,dcim.frontport,B95,smf-os2,MS3,0,m,connected
HUL107B/D06,dcim.frontport,A96,HUL107B/D06,dcim.frontport,B96,smf-os2,MS3,0,m,connected
HUL107B/D06,dcim.frontport,A97,HUL107B/D06,dcim.frontport,B97,smf-os2,MS3,0,m,connected
HUL107B/D06,dcim.frontport,A98,HUL107B/D06,dcim.frontport,B98,smf-os2,MS3,0,m,connected
HUL107B/D06,dcim.frontport,A99,HUL107B/D06,dcim.frontport,B99,smf-os2,MS3,0,m,connected
HUL107B/D06,dcim.frontport,A100,HUL107B/D06,dcim.frontport,B100,smf-os2,MS3,0,m,connected
HUL107B/D06,dcim.frontport,A101,HUL107B/D06,dcim.frontport,B101,smf-os2,MS3,0,m,connected
HUL107B/D06,dcim.frontport,A102,HUL107B/D06,dcim.frontport,B102,smf-os2,MS3,0,m,connected
HUL107B/D06,dcim.frontport,A103,HUL107B/D06,dcim.frontport,B103,smf-os2,MS3,0,m,connected
HUL107B/D06,dcim.frontport,A104,HUL107B/D06,dcim.frontport,B104,smf-os2,MS3,0,m,connected
HUL107B/D06,dcim.frontport,A105,HUL107B/D06,dcim.frontport,B105,smf-os2,MS3,0,m,connected
HUL107B/D06,dcim.frontport,A106,HUL107B/D06,dcim.frontport,B106,smf-os2,MS3,0,m,connected
HUL107B/D06,dcim.frontport,A107,HUL107B/D06,dcim.frontport,B107,smf-os2,MS3,0,m,connected
HUL107B/D06,dcim.frontport,A108,HUL107B/D06,dcim.frontport,B108,smf-os2,MS3,0,m,connected
HUL107B/D06,dcim.frontport,A109,HUL107B/D06,dcim.frontport,B109,smf-os2,MS3,0,m,connected
HUL107B/D06,dcim.frontport,A110,HUL107B/D06,dcim.frontport,B110,smf-os2,MS3,0,m,connected
HUL107B/D06,dcim.frontport,A111,HUL107B/D06,dcim.frontport,B111,smf-os2,MS3,0,m,connected
HUL107B/D06,dcim.frontport,A112,HUL107B/D06,dcim.frontport,B112,smf-os2,MS3,0,m,connected
HUL107B/D06,dcim.frontport,A113,HUL107B/D06,dcim.frontport,B113,smf-os2,MS3,0,m,connected
HUL107B/D06,dcim.frontport,A114,HUL107B/D06,dcim.frontport,B114,smf-os2,MS3,0,m,connected
HUL107B/D06,dcim.frontport,A115,HUL107B/D06,dcim.frontport,B115,smf-os2,MS3,0,m,connected
HUL107B/D06,dcim.frontport,A116,HUL107B/D06,dcim.frontport,B116,smf-os2,MS3,0,m,connected
HUL107B/D06,dcim.frontport,A117,HUL107B/D06,dcim.frontport,B117,smf-os2,MS3,0,m,connected
HUL107B/D06,dcim.frontport,A118,HUL107B/D06,dcim.frontport,B118,smf-os2,MS3,0,m,connected
HUL107B/D06,dcim.frontport,A119,HUL107B/D06,dcim.frontport,B119,smf-os2,MS3,0,m,connected
HUL107B/D06,dcim.frontport,A120,HUL107B/D06,dcim.frontport,B120,smf-os2,MS3,0,m,connected
HUL107B/D06,dcim.frontport,A121,HUL107B/D06,dcim.frontport,B121,smf-os2,MS3,0,m,connected
HUL107B/D06,dcim.frontport,A122,HUL107B/D06,dcim.frontport,B122,smf-os2,MS3,0,m,connected
HUL107B/D06,dcim.frontport,A123,HUL107B/D06,dcim.frontport,B123,smf-os2,MS3,0,m,connected
HUL107B/D06,dcim.frontport,A124,HUL107B/D06,dcim.frontport,B124,smf-os2,MS3,0,m,connected
HUL107B/D06,dcim.frontport,A125,HUL107B/D06,dcim.frontport,B125,smf-os2,MS3,0,m,connected
HUL107B/D06,dcim.frontport,A126,HUL107B/D06,dcim.frontport,B126,smf-os2,MS3,0,m,connected
HUL107B/D06,dcim.frontport,A127,HUL107B/D06,dcim.frontport,B127,smf-os2,MS3,0,m,connected
HUL107B/D06,dcim.frontport,A128,HUL107B/D06,dcim.frontport,B128,smf-os2,MS3,0,m,connected
HUL107B/D06,dcim.frontport,A129,HUL107B/D06,dcim.frontport,B129,smf-os2,MS3,0,m,connected
HUL107B/D06,dcim.frontport,A130,HUL107B/D06,dcim.frontport,B130,smf-os2,MS3,0,m,connected
HUL107B/D06,dcim.frontport,A131,HUL107B/D06,dcim.frontport,B131,smf-os2,MS3,0,m,connected
HUL107B/D06,dcim.frontport,A132,HUL107B/D06,dcim.frontport,B132,smf-os2,MS3,0,m,connected
HUL107B/D06,dcim.frontport,A133,HUL107B/D06,dcim.frontport,B133,smf-os2,MS3,0,m,connected
HUL107B/D06,dcim.frontport,A134,HUL107B/D06,dcim.frontport,B134,smf-os2,MS3,0,m,connected
HUL107B/D06,dcim.frontport,A135,HUL107B/D06,dcim.frontport,B135,smf-os2,MS3,0,m,connected
HUL107B/D06,dcim.frontport,A136,HUL107B/D06,dcim.frontport,B136,smf-os2,MS3,0,m,connected
HUL107B/D06,dcim.frontport,A137,HUL107B/D06,dcim.frontport,B137,smf-os2,MS3,0,m,connected
HUL107B/D06,dcim.frontport,A138,HUL107B/D06,dcim.frontport,B138,smf-os2,MS3,0,m,connected
HUL107B/D06,dcim.frontport,A139,HUL107B/D06,dcim.frontport,B139,smf-os2,MS3,0,m,connected
HUL107B/D06,dcim.frontport,A140,HUL107B/D06,dcim.frontport,B140,smf-os2,MS3,0,m,connected
HUL107B/D06,dcim.frontport,A141,HUL107B/D06,dcim.frontport,B141,smf-os2,MS3,0,m,connected
HUL107B/D06,dcim.frontport,A142,HUL107B/D06,dcim.frontport,B142,smf-os2,MS3,0,m,connected
HUL107B/D06,dcim.frontport,A143,HUL107B/D06,dcim.frontport,B143,smf-os2,MS3,0,m,connected
HUL107B/D06,dcim.frontport,A144,HUL107B/D06,dcim.frontport,B144,smf-os2,MS3,0,m,connected