side_a_device,side_a_type,side_a_name,side_b_device,side_b_type,side_b_name,type,tenant,length,length_unit,status
HUL107D/D13,dcim.frontport,A1,HUL107D/D13,dcim.rearport,1,smf-os2,MS3,1,m,planned
HUL107D/D13,dcim.frontport,A2,HUL107D/D13,dcim.rearport,2,smf-os2,MS3,1,m,planned
HUL107D/D13,dcim.frontport,A3,HUL107D/D13,dcim.rearport,3,smf-os2,MS3,1,m,planned
HUL107D/D13,dcim.frontport,A4,HUL107D/D13,dcim.rearport,4,smf-os2,MS3,1,m,planned
HUL107D/D13,dcim.frontport,A5,HUL107D/D13,dcim.rearport,5,smf-os2,MS3,1,m,planned
HUL107D/D13,dcim.frontport,A6,HUL107D/D13,dcim.rearport,6,smf-os2,MS3,1,m,planned
HUL107D/D13,dcim.frontport,A7,HUL107D/D13,dcim.rearport,7,smf-os2,MS3,1,m,planned
HUL107D/D13,dcim.frontport,A8,HUL107D/D13,dcim.rearport,8,smf-os2,MS3,1,m,planned
HUL107D/D13,dcim.frontport,A9,HUL107D/D13,dcim.rearport,9,smf-os2,MS3,1,m,planned
HUL107D/D13,dcim.frontport,A10,HUL107D/D13,dcim.rearport,10,smf-os2,MS3,1,m,planned
HUL107D/D13,dcim.frontport,A11,HUL107D/D13,dcim.rearport,11,smf-os2,MS3,1,m,planned
HUL107D/D13,dcim.frontport,A12,HUL107D/D13,dcim.rearport,12,smf-os2,MS3,1,m,planned
HUL107D/D13,dcim.frontport,A13,HUL107D/D13,dcim.rearport,13,smf-os2,MS3,1,m,planned
HUL107D/D13,dcim.frontport,A14,HUL107D/D13,dcim.rearport,14,smf-os2,MS3,1,m,planned
HUL107D/D13,dcim.frontport,01/01,HUL107D/D13,dcim.frontport,a1,smf-os2,MS3,1,m,connected
HUL107D/D13,dcim.frontport,01/02,HUL107D/D13,dcim.frontport,a4,smf-os2,MS3,1,m,connected
HUL107D/D13,dcim.frontport,01/03,HUL107D/D13,dcim.frontport,a7,smf-os2,MS3,1,m,connected
HUL107D/D13,dcim.frontport,01/04,HUL107D/D13,dcim.frontport,a10,smf-os2,MS3,1,m,connected
HUL107D/D13,dcim.frontport,02/01,HUL107D/D13,dcim.frontport,a13,smf-os2,MS3,1,m,connected
HUL107D/D13,dcim.frontport,02/02,HUL107D/D13,dcim.frontport,a16,smf-os2,MS3,1,m,connected
HUL107D/D13,dcim.frontport,02/03,HUL107D/D13,dcim.frontport,a19,smf-os2,MS3,1,m,connected
HUL107D/D13,dcim.frontport,02/04,HUL107D/D13,dcim.frontport,a22,smf-os2,MS3,1,m,connected
HUL107D/D13,dcim.frontport,03/01,HUL107D/D13,dcim.frontport,a25,smf-os2,MS3,1,m,connected
HUL107D/D13,dcim.frontport,03/02,HUL107D/D13,dcim.frontport,b1,smf-os2,MS3,1,m,connected
HUL107D/D13,dcim.frontport,03/03,HUL107D/D13,dcim.frontport,b4,smf-os2,MS3,1,m,connected
HUL107D/D13,dcim.frontport,03/04,HUL107D/D13,dcim.frontport,b7,smf-os2,MS3,1,m,connected
HUL107D/D13,dcim.frontport,04/01,HUL107D/D13,dcim.frontport,b10,smf-os2,MS3,1,m,connected
HUL107D/D13,dcim.frontport,04/02,HUL107D/D13,dcim.frontport,b13,smf-os2,MS3,1,m,connected
HUL107D/D13,dcim.frontport,04/03,HUL107D/D13,dcim.frontport,b16,smf-os2,MS3,1,m,connected
HUL107D/D13,dcim.frontport,04/04,HUL107D/D13,dcim.frontport,b19,smf-os2,MS3,1,m,connected
HUL107D/D13,dcim.frontport,05/01,HUL107D/D13,dcim.frontport,b22,smf-os2,MS3,1,m,connected
HUL107D/D13,dcim.frontport,05/02,HUL107D/D13,dcim.frontport,c1,smf-os2,MS3,1,m,connected
HUL107D/D13,dcim.frontport,05/03,HUL107D/D13,dcim.frontport,c4,smf-os2,MS3,1,m,connected
HUL107D/D13,dcim.frontport,05/04,HUL107D/D13,dcim.frontport,c7,smf-os2,MS3,1,m,connected
HUL107D/D13,dcim.frontport,06/01,HUL107D/D13,dcim.frontport,c10,smf-os2,MS3,1,m,connected
HUL107D/D13,dcim.frontport,06/02,HUL107D/D13,dcim.frontport,d1,smf-os2,MS3,1,m,connected
HUL107D/D13,dcim.frontport,06/03,HUL107D/D13,dcim.frontport,a5,smf-os2,MS3,1,m,connected
HUL107D/D13,dcim.frontport,06/04,HUL107D/D13,dcim.frontport,a8,smf-os2,MS3,1,m,connected
HUL107D/D13,dcim.frontport,07/01,HUL107D/D13,dcim.frontport,a11,smf-os2,MS3,1,m,connected
HUL107D/D13,dcim.frontport,07/02,HUL107D/D13,dcim.frontport,a14,smf-os2,MS3,1,m,connected
HUL107D/D13,dcim.frontport,07/03,HUL107D/D13,dcim.frontport,a17,smf-os2,MS3,1,m,connected
HUL107D/D13,dcim.frontport,07/04,HUL107D/D13,dcim.frontport,a20,smf-os2,MS3,1,m,connected
HUL107D/D13,dcim.frontport,08/01,HUL107D/D13,dcim.frontport,a23,smf-os2,MS3,1,m,connected
HUL107D/D13,dcim.frontport,08/02,HUL107D/D13,dcim.frontport,a26,smf-os2,MS3,1,m,connected
HUL107D/D13,dcim.frontport,08/03,HUL107D/D13,dcim.frontport,b2,smf-os2,MS3,1,m,connected
HUL107D/D13,dcim.frontport,08/04,HUL107D/D13,dcim.frontport,b5,smf-os2,MS3,1,m,connected
HUL107D/D13,dcim.frontport,09/01,HUL107D/D13,dcim.frontport,b11,smf-os2,MS3,1,m,connected
HUL107D/D13,dcim.frontport,09/02,HUL107D/D13,dcim.frontport,b14,smf-os2,MS3,1,m,connected
HUL107D/D13,dcim.frontport,09/03,HUL107D/D13,dcim.frontport,b17,smf-os2,MS3,1,m,connected
HUL107D/D13,dcim.frontport,09/04,HUL107D/D13,dcim.frontport,b20,smf-os2,MS3,1,m,connected
HUL107D/D13,dcim.frontport,10/01,HUL107D/D13,dcim.frontport,b23,smf-os2,MS3,1,m,connected
HUL107D/D13,dcim.frontport,10/02,HUL107D/D13,dcim.frontport,c2,smf-os2,MS3,1,m,connected
HUL107D/D13,dcim.frontport,10/03,HUL107D/D13,dcim.frontport,c5,smf-os2,MS3,1,m,connected
HUL107D/D13,dcim.frontport,10/04,HUL107D/D13,dcim.frontport,c8,smf-os2,MS3,1,m,connected
HUL107D/D13,dcim.frontport,11/01,HUL107D/D13,dcim.frontport,c11,smf-os2,MS3,1,m,connected
HUL107D/D13,dcim.frontport,11/02,HUL107D/D13,dcim.frontport,d2,smf-os2,MS3,1,m,connected
HUL107D/D13,dcim.frontport,11/03,HUL107D/D13,dcim.frontport,a6,smf-os2,MS3,1,m,connected
HUL107D/D13,dcim.frontport,11/04,HUL107D/D13,dcim.frontport,a12,smf-os2,MS3,1,m,connected
HUL107D/D13,dcim.frontport,12/01,HUL107D/D13,dcim.frontport,a24,smf-os2,MS3,1,m,connected
HUL107D/D13,dcim.frontport,12/02,HUL107D/D13,dcim.frontport,a27,smf-os2,MS3,1,m,connected
HUL107D/D13,dcim.frontport,12/03,HUL107D/D13,dcim.frontport,b6,smf-os2,MS3,1,m,connected
HUL107D/D13,dcim.frontport,12/04,HUL107D/D13,dcim.frontport,b12,smf-os2,MS3,1,m,connected
HUL107D/D13,dcim.frontport,13/01,HUL107D/D13,dcim.frontport,b15,smf-os2,MS3,1,m,connected
HUL107D/D13,dcim.frontport,13/02,HUL107D/D13,dcim.frontport,b18,smf-os2,MS3,1,m,connected
HUL107D/D13,dcim.frontport,13/03,HUL107D/D13,dcim.frontport,b24,smf-os2,MS3,1,m,connected
HUL107D/D13,dcim.frontport,13/04,HUL107D/D13,dcim.frontport,c3,smf-os2,MS3,1,m,connected
HUL107D/D13,dcim.frontport,14/01,HUL107D/D13,dcim.frontport,c9,smf-os2,MS3,1,m,connected
HUL107D/D13,dcim.frontport,14/02,HUL107D/D13,dcim.frontport,d3,smf-os2,MS3,1,m,connected
HUL107D/D13,dcim.frontport,A25,HUL107D/D13,dcim.frontport,B1,smf-os2,MS3,0,m,connected
HUL107D/D13,dcim.frontport,A26,HUL107D/D13,dcim.frontport,B2,smf-os2,MS3,0,m,connected
HUL107D/D13,dcim.frontport,A27,HUL107D/D13,dcim.frontport,B3,smf-os2,MS3,0,m,connected
HUL107D/D13,dcim.frontport,A28,HUL107D/D13,dcim.frontport,B4,smf-os2,MS3,0,m,connected
HUL107D/D13,dcim.frontport,A29,HUL107D/D13,dcim.frontport,B5,smf-os2,MS3,0,m,connected
HUL107D/D13,dcim.frontport,A30,HUL107D/D13,dcim.frontport,B6,smf-os2,MS3,0,m,connected
HUL107D/D13,dcim.frontport,A31,HUL107D/D13,dcim.frontport,B7,smf-os2,MS3,0,m,connected
HUL107D/D13,dcim.frontport,A32,HUL107D/D13,dcim.frontport,B8,smf-os2,MS3,0,m,connected
HUL107D/D13,dcim.frontport,A33,HUL107D/D13,dcim.frontport,B9,smf-os2,MS3,0,m,connected
HUL107D/D13,dcim.frontport,A34,HUL107D/D13,dcim.frontport,B10,smf-os2,MS3,0,m,connected
HUL107D/D13,dcim.frontport,A35,HUL107D/D13,dcim.frontport,B11,smf-os2,MS3,0,m,connected
HUL107D/D13,dcim.frontport,A36,HUL107D/D13,dcim.frontport,B12,smf-os2,MS3,0,m,connected
HUL107D/D13,dcim.frontport,A37,HUL107D/D13,dcim.frontport,B13,smf-os2,MS3,0,m,connected
HUL107D/D13,dcim.frontport,A38,HUL107D/D13,dcim.frontport,B14,smf-os2,MS3,0,m,connected
HUL107D/D13,dcim.frontport,A39,HUL107D/D13,dcim.frontport,B15,smf-os2,MS3,0,m,connected
HUL107D/D13,dcim.frontport,A40,HUL107D/D13,dcim.frontport,B16,smf-os2,MS3,0,m,connected
HUL107D/D13,dcim.frontport,A41,HUL107D/D13,dcim.frontport,B17,smf-os2,MS3,0,m,connected
HUL107D/D13,dcim.frontport,A42,HUL107D/D13,dcim.frontport,B18,smf-os2,MS3,0,m,connected
HUL107D/D13,dcim.frontport,A43,HUL107D/D13,dcim.frontport,B19,smf-os2,MS3,0,m,connected
HUL107D/D13,dcim.frontport,A44,HUL107D/D13,dcim.frontport,B20,smf-os2,MS3,0,m,connected
HUL107D/D13,dcim.frontport,A45,HUL107D/D13,dcim.frontport,B21,smf-os2,MS3,0,m,connected
HUL107D/D13,dcim.frontport,A46,HUL107D/D13,dcim.frontport,B22,smf-os2,MS3,0,m,connected
HUL107D/D13,dcim.frontport,A47,HUL107D/D13,dcim.frontport,B23,smf-os2,MS3,0,m,connected
HUL107D/D13,dcim.frontport,A48,HUL107D/D13,dcim.frontport,B24,smf-os2,MS3,0,m,connected
HUL107D/D13,dcim.frontport,A49,HUL107D/D13,dcim.frontport,C1,smf-os2,MS3,0,m,connected
HUL107D/D13,dcim.frontport,A50,HUL107D/D13,dcim.frontport,C2,smf-os2,MS3,0,m,connected
HUL107D/D13,dcim.frontport,A51,HUL107D/D13,dcim.frontport,C3,smf-os2,MS3,0,m,connected
HUL107D/D13,dcim.frontport,A52,HUL107D/D13,dcim.frontport,C4,smf-os2,MS3,0,m,connected
HUL107D/D13,dcim.frontport,A53,HUL107D/D13,dcim.frontport,C5,smf-os2,MS3,0,m,connected
HUL107D/D13,dcim.frontport,A54,HUL107D/D13,dcim.frontport,C6,smf-os2,MS3,0,m,connected
HUL107D/D13,dcim.frontport,A55,HUL107D/D13,dcim.frontport,C7,smf-os2,MS3,0,m,connected
HUL107D/D13,dcim.frontport,A56,HUL107D/D13,dcim.frontport,C8,smf-os2,MS3,0,m,connected
HUL107D/D13,dcim.frontport,A57,HUL107D/D13,dcim.frontport,C9,smf-os2,MS3,0,m,connected
HUL107D/D13,dcim.frontport,A58,HUL107D/D13,dcim.frontport,C10,smf-os2,MS3,0,m,connected
HUL107D/D13,dcim.frontport,A59,HUL107D/D13,dcim.frontport,C11,smf-os2,MS3,0,m,connected
HUL107D/D13,dcim.frontport,A60,HUL107D/D13,dcim.frontport,C12,smf-os2,MS3,0,m,connected
HUL107D/D13,dcim.frontport,A61,HUL107D/D13,dcim.frontport,C13,smf-os2,MS3,0,m,connected
HUL107D/D13,dcim.frontport,A62,HUL107D/D13,dcim.frontport,C14,smf-os2,MS3,0,m,connected
HUL107D/D13,dcim.frontport,A63,HUL107D/D13,dcim.frontport,C15,smf-os2,MS3,0,m,connected
HUL107D/D13,dcim.frontport,A64,HUL107D/D13,dcim.frontport,C16,smf-os2,MS3,0,m,connected
HUL107D/D13,dcim.frontport,A65,HUL107D/D13,dcim.frontport,C17,smf-os2,MS3,0,m,connected
HUL107D/D13,dcim.frontport,A66,HUL107D/D13,dcim.frontport,C18,smf-os2,MS3,0,m,connected
HUL107D/D13,dcim.frontport,A67,HUL107D/D13,dcim.frontport,C19,smf-os2,MS3,0,m,connected
HUL107D/D13,dcim.frontport,A68,HUL107D/D13,dcim.frontport,C20,smf-os2,MS3,0,m,connected
HUL107D/D13,dcim.frontport,A69,HUL107D/D13,dcim.frontport,C21,smf-os2,MS3,0,m,connected
HUL107D/D13,dcim.frontport,A70,HUL107D/D13,dcim.frontport,C22,smf-os2,MS3,0,m,connected
HUL107D/D13,dcim.frontport,A71,HUL107D/D13,dcim.frontport,C23,smf-os2,MS3,0,m,connected
HUL107D/D13,dcim.frontport,A72,HUL107D/D13,dcim.frontport,C24,smf-os2,MS3,0,m,connected
HUL107D/D13,dcim.frontport,A73,HUL107D/D13,dcim.frontport,D1,smf-os2,MS3,0,m,connected
HUL107D/D13,dcim.frontport,A74,HUL107D/D13,dcim.frontport,D2,smf-os2,MS3,0,m,connected
HUL107D/D13,dcim.frontport,A75,HUL107D/D13,dcim.frontport,D3,smf-os2,MS3,0,m,connected
HUL107D/D13,dcim.frontport,A76,HUL107D/D13,dcim.frontport,D4,smf-os2,MS3,0,m,connected
HUL107D/D13,dcim.frontport,A77,HUL107D/D13,dcim.frontport,D5,smf-os2,MS3,0,m,connected
HUL107D/D13,dcim.frontport,A78,HUL107D/D13,dcim.frontport,D6,smf-os2,MS3,0,m,connected
HUL107D/D13,dcim.frontport,A79,HUL107D/D13,dcim.frontport,D7,smf-os2,MS3,0,m,connected
HUL107D/D13,dcim.frontport,A80,HUL107D/D13,dcim.frontport,D8,smf-os2,MS3,0,m,connected
HUL107D/D13,dcim.frontport,A81,HUL107D/D13,dcim.frontport,D9,smf-os2,MS3,0,m,connected
HUL107D/D13,dcim.frontport,A82,HUL107D/D13,dcim.frontport,D10,smf-os2,MS3,0,m,connected
HUL107D/D13,dcim.frontport,A83,HUL107D/D13,dcim.frontport,D11,smf-os2,MS3,0,m,connected
HUL107D/D13,dcim.frontport,A84,HUL107D/D13,dcim.frontport,D12,smf-os2,MS3,0,m,connected
HUL107D/D13,dcim.frontport,A85,HUL107D/D13,dcim.frontport,D13,smf-os2,MS3,0,m,connected
HUL107D/D13,dcim.frontport,A86,HUL107D/D13,dcim.frontport,D14,smf-os2,MS3,0,m,connected
HUL107D/D13,dcim.frontport,A87,HUL107D/D13,dcim.frontport,D15,smf-os2,MS3,0,m,connected
HUL107D/D13,dcim.frontport,A88,HUL107D/D13,dcim.frontport,D16,smf-os2,MS3,0,m,connected
HUL107D/D13,dcim.frontport,A89,HUL107D/D13,dcim.frontport,D17,smf-os2,MS3,0,m,connected
HUL107D/D13,dcim.frontport,A90,HUL107D/D13,dcim.frontport,D18,smf-os2,MS3,0,m,connected
HUL107D/D13,dcim.frontport,A91,HUL107D/D13,dcim.frontport,D19,smf-os2,MS3,0,m,connected
HUL107D/D13,dcim.frontport,A92,HUL107D/D13,dcim.frontport,D20,smf-os2,MS3,0,m,connected
HUL107D/D13,dcim.frontport,A93,HUL107D/D13,dcim.frontport,D21,smf-os2,MS3,0,m,connected
HUL107D/D13,dcim.frontport,A94,HUL107D/D13,dcim.frontport,D22,smf-os2,MS3,0,m,connected
HUL107D/D13,dcim.frontport,A95,HUL107D/D13,dcim.frontport,D23,smf-os2,MS3,0,m,connected
HUL107D/D13,dcim.frontport,A96,HUL107D/D13,dcim.frontport,D24,smf-os2,MS3,0,m,connected
HUL107D/D13,dcim.frontport,A97,HUL107D/D13,dcim.frontport,E1,smf-os2,MS3,0,m,connected
HUL107D/D13,dcim.frontport,A98,HUL107D/D13,dcim.frontport,E2,smf-os2,MS3,0,m,connected
HUL107D/D13,dcim.frontport,A99,HUL107D/D13,dcim.frontport,E3,smf-os2,MS3,0,m,connected
HUL107D/D13,dcim.frontport,A100,HUL107D/D13,dcim.frontport,E4,smf-os2,MS3,0,m,connected
HUL107D/D13,dcim.frontport,A101,HUL107D/D13,dcim.frontport,E5,smf-os2,MS3,0,m,connected
HUL107D/D13,dcim.frontport,A102,HUL107D/D13,dcim.frontport,E6,smf-os2,MS3,0,m,connected
HUL107D/D13,dcim.frontport,A103,HUL107D/D13,dcim.frontport,E7,smf-os2,MS3,0,m,connected
HUL107D/D13,dcim.frontport,A104,HUL107D/D13,dcim.frontport,E8,smf-os2,MS3,0,m,connected
HUL107D/D13,dcim.frontport,A105,HUL107D/D13,dcim.frontport,E9,smf-os2,MS3,0,m,connected
HUL107D/D13,dcim.frontport,A106,HUL107D/D13,dcim.frontport,E10,smf-os2,MS3,0,m,connected
HUL107D/D13,dcim.frontport,A107,HUL107D/D13,dcim.frontport,E11,smf-os2,MS3,0,m,connected
HUL107D/D13,dcim.frontport,A108,HUL107D/D13,dcim.frontport,E12,smf-os2,MS3,0,m,connected
HUL107D/D13,dcim.frontport,A109,HUL107D/D13,dcim.frontport,E13,smf-os2,MS3,0,m,connected
HUL107D/D13,dcim.frontport,A110,HUL107D/D13,dcim.frontport,E14,smf-os2,MS3,0,m,connected
HUL107D/D13,dcim.frontport,A111,HUL107D/D13,dcim.frontport,E15,smf-os2,MS3,0,m,connected
HUL107D/D13,dcim.frontport,A112,HUL107D/D13,dcim.frontport,E16,smf-os2,MS3,0,m,connected
HUL107D/D13,dcim.frontport,A113,HUL107D/D13,dcim.frontport,E17,smf-os2,MS3,0,m,connected
HUL107D/D13,dcim.frontport,A114,HUL107D/D13,dcim.frontport,E18,smf-os2,MS3,0,m,connected
HUL107D/D13,dcim.frontport,A115,HUL107D/D13,dcim.frontport,E19,smf-os2,MS3,0,m,connected
HUL107D/D13,dcim.frontport,A116,HUL107D/D13,dcim.frontport,E20,smf-os2,MS3,0,m,connected
HUL107D/D13,dcim.frontport,A117,HUL107D/D13,dcim.frontport,E21,smf-os2,MS3,0,m,connected
HUL107D/D13,dcim.frontport,A118,HUL107D/D13,dcim.frontport,E22,smf-os2,MS3,0,m,connected
HUL107D/D13,dcim.frontport,A119,HUL107D/D13,dcim.frontport,E23,smf-os2,MS3,0,m,connected
HUL107D/D13,dcim.frontport,A120,HUL107D/D13,dcim.frontport,E24,smf-os2,MS3,0,m,connected
HUL107D/D13,dcim.frontport,A121,HUL107D/D13,dcim.frontport,F1,smf-os2,MS3,0,m,connected
HUL107D/D13,dcim.frontport,A122,HUL107D/D13,dcim.frontport,F2,smf-os2,MS3,0,m,connected
HUL107D/D13,dcim.frontport,A123,HUL107D/D13,dcim.frontport,F3,smf-os2,MS3,0,m,connected
HUL107D/D13,dcim.frontport,A124,HUL107D/D13,dcim.frontport,F4,smf-os2,MS3,0,m,connected
HUL107D/D13,dcim.frontport,A125,HUL107D/D13,dcim.frontport,F5,smf-os2,MS3,0,m,connected
HUL107D/D13,dcim.frontport,A126,HUL107D/D13,dcim.frontport,F6,smf-os2,MS3,0,m,connected
HUL107D/D13,dcim.frontport,A127,HUL107D/D13,dcim.frontport,F7,smf-os2,MS3,0,m,connected
HUL107D/D13,dcim.frontport,A128,HUL107D/D13,dcim.frontport,F8,smf-os2,MS3,0,m,connected
HUL107D/D13,dcim.frontport,A129,HUL107D/D13,dcim.frontport,F9,smf-os2,MS3,0,m,connected
HUL107D/D13,dcim.frontport,A130,HUL107D/D13,dcim.frontport,F10,smf-os2,MS3,0,m,connected
HUL107D/D13,dcim.frontport,A131,HUL107D/D13,dcim.frontport,F11,smf-os2,MS3,0,m,connected
HUL107D/D13,dcim.frontport,A132,HUL107D/D13,dcim.frontport,F12,smf-os2,MS3,0,m,connected
HUL107D/D13,dcim.frontport,A133,HUL107D/D13,dcim.frontport,F13,smf-os2,MS3,0,m,connected
HUL107D/D13,dcim.frontport,A134,HUL107D/D13,dcim.frontport,F14,smf-os2,MS3,0,m,connected
HUL107D/D13,dcim.frontport,A135,HUL107D/D13,dcim.frontport,F15,smf-os2,MS3,0,m,connected
HUL107D/D13,dcim.frontport,A136,HUL107D/D13,dcim.frontport,F16,smf-os2,MS3,0,m,connected
HUL107D/D13,dcim.frontport,A137,HUL107D/D13,dcim.frontport,F17,smf-os2,MS3,0,m,connected
HUL107D/D13,dcim.frontport,A138,HUL107D/D13,dcim.frontport,F18,smf-os2,MS3,0,m,connected
HUL107D/D13,dcim.frontport,A139,HUL107D/D13,dcim.frontport,F19,smf-os2,MS3,0,m,connected
HUL107D/D13,dcim.frontport,A140,HUL107D/D13,dcim.frontport,F20,smf-os2,MS3,0,m,connected
HUL107D/D13,dcim.frontport,A141,HUL107D/D13,dcim.frontport,F21,smf-os2,MS3,0,m,connected
HUL107D/D13,dcim.frontport,A142,HUL107D/D13,dcim.frontport,F22,smf-os2,MS3,0,m,connected
HUL107D/D13,dcim.frontport,A143,HUL107D/D13,dcim.frontport,F23,smf-os2,MS3,0,m,connected
HUL107D/D13,dcim.frontport,A144,HUL107D/D13,dcim.frontport,F24,smf-os2,MS3,0,m,connected