side_a_device,side_a_type,side_a_name,side_b_device,side_b_type,side_b_name,type,tenant,length,length_unit,status
HUL107D/D15,dcim.frontport,01/01,HUL107D/D15,dcim.frontport,a1,smf-os2,MS3,1,m,connected
HUL107D/D15,dcim.frontport,01/02,HUL107D/D15,dcim.frontport,a4,smf-os2,MS3,1,m,connected
HUL107D/D15,dcim.frontport,01/03,HUL107D/D15,dcim.frontport,a7,smf-os2,MS3,1,m,connected
HUL107D/D15,dcim.frontport,01/04,HUL107D/D15,dcim.frontport,a10,smf-os2,MS3,1,m,connected
HUL107D/D15,dcim.frontport,02/01,HUL107D/D15,dcim.frontport,a13,smf-os2,MS3,1,m,connected
HUL107D/D15,dcim.frontport,02/02,HUL107D/D15,dcim.frontport,a16,smf-os2,MS3,1,m,connected
HUL107D/D15,dcim.frontport,02/03,HUL107D/D15,dcim.frontport,a19,smf-os2,MS3,1,m,connected
HUL107D/D15,dcim.frontport,02/04,HUL107D/D15,dcim.frontport,a22,smf-os2,MS3,1,m,connected
HUL107D/D15,dcim.frontport,03/01,HUL107D/D15,dcim.frontport,a25,smf-os2,MS3,1,m,connected
HUL107D/D15,dcim.frontport,03/02,HUL107D/D15,dcim.frontport,a28,smf-os2,MS3,1,m,connected
HUL107D/D15,dcim.frontport,03/03,HUL107D/D15,dcim.frontport,a31,smf-os2,MS3,1,m,connected
HUL107D/D15,dcim.frontport,03/04,HUL107D/D15,dcim.frontport,a34,smf-os2,MS3,1,m,connected
HUL107D/D15,dcim.frontport,04/01,HUL107D/D15,dcim.frontport,a37,smf-os2,MS3,1,m,connected
HUL107D/D15,dcim.frontport,04/02,HUL107D/D15,dcim.frontport,a40,smf-os2,MS3,1,m,connected
HUL107D/D15,dcim.frontport,04/03,HUL107D/D15,dcim.frontport,a43,smf-os2,MS3,1,m,connected
HUL107D/D15,dcim.frontport,04/04,HUL107D/D15,dcim.frontport,a46,smf-os2,MS3,1,m,connected
HUL107D/D15,dcim.frontport,05/02,HUL107D/D15,dcim.frontport,a52,smf-os2,MS3,1,m,connected
HUL107D/D15,dcim.frontport,05/03,HUL107D/D15,dcim.frontport,a55,smf-os2,MS3,1,m,connected
HUL107D/D15,dcim.frontport,05/04,HUL107D/D15,dcim.frontport,a58,smf-os2,MS3,1,m,connected
HUL107D/D15,dcim.frontport,06/01,HUL107D/D15,dcim.frontport,a61,smf-os2,MS3,1,m,connected
HUL107D/D15,dcim.frontport,06/02,HUL107D/D15,dcim.frontport,b1,smf-os2,MS3,1,m,connected
HUL107D/D15,dcim.frontport,06/03,HUL107D/D15,dcim.frontport,b4,smf-os2,MS3,1,m,connected
HUL107D/D15,dcim.frontport,06/04,HUL107D/D15,dcim.frontport,b7,smf-os2,MS3,1,m,connected
HUL107D/D15,dcim.frontport,07/01,HUL107D/D15,dcim.frontport,b10,smf-os2,MS3,1,m,connected
HUL107D/D15,dcim.frontport,07/02,HUL107D/D15,dcim.frontport,b13,smf-os2,MS3,1,m,connected
HUL107D/D15,dcim.frontport,07/03,HUL107D/D15,dcim.frontport,b16,smf-os2,MS3,1,m,connected
HUL107D/D15,dcim.frontport,07/04,HUL107D/D15,dcim.frontport,b19,smf-os2,MS3,1,m,connected
HUL107D/D15,dcim.frontport,08/01,HUL107D/D15,dcim.frontport,b22,smf-os2,MS3,1,m,connected
HUL107D/D15,dcim.frontport,08/02,HUL107D/D15,dcim.frontport,b25,smf-os2,MS3,1,m,connected
HUL107D/D15,dcim.frontport,08/03,HUL107D/D15,dcim.frontport,a2,smf-os2,MS3,1,m,planned
HUL107D/D15,dcim.frontport,08/04,HUL107D/D15,dcim.frontport,a5,smf-os2,MS3,1,m,planned
HUL107D/D15,dcim.frontport,09/01,HUL107D/D15,dcim.frontport,a14,smf-os2,MS3,1,m,planned
HUL107D/D15,dcim.frontport,09/02,HUL107D/D15,dcim.frontport,a26,smf-os2,MS3,1,m,planned
HUL107D/D15,dcim.frontport,09/03,HUL107D/D15,dcim.frontport,a29,smf-os2,MS3,1,m,planned
HUL107D/D15,dcim.frontport,09/04,HUL107D/D15,dcim.frontport,a32,smf-os2,MS3,1,m,planned
HUL107D/D15,dcim.frontport,10/01,HUL107D/D15,dcim.frontport,a35,smf-os2,MS3,1,m,planned
HUL107D/D15,dcim.frontport,10/02,HUL107D/D15,dcim.frontport,a38,smf-os2,MS3,1,m,planned
HUL107D/D15,dcim.frontport,10/03,HUL107D/D15,dcim.frontport,a44,smf-os2,MS3,1,m,planned
HUL107D/D15,dcim.frontport,10/04,HUL107D/D15,dcim.frontport,a47,smf-os2,MS3,1,m,planned
HUL107D/D15,dcim.frontport,11/02,HUL107D/D15,dcim.frontport,a56,smf-os2,MS3,1,m,planned
HUL107D/D15,dcim.frontport,11/03,HUL107D/D15,dcim.frontport,a59,smf-os2,MS3,1,m,planned
HUL107D/D15,dcim.frontport,11/04,HUL107D/D15,dcim.frontport,a62,smf-os2,MS3,1,m,planned
HUL107D/D15,dcim.frontport,12/01,HUL107D/D15,dcim.frontport,b2,smf-os2,MS3,1,m,planned
HUL107D/D15,dcim.frontport,12/02,HUL107D/D15,dcim.frontport,b5,smf-os2,MS3,1,m,planned
HUL107D/D15,dcim.frontport,12/03,HUL107D/D15,dcim.frontport,b8,smf-os2,MS3,1,m,planned
HUL107D/D15,dcim.frontport,12/04,HUL107D/D15,dcim.frontport,b11,smf-os2,MS3,1,m,planned
HUL107D/D15,dcim.frontport,13/01,HUL107D/D15,dcim.frontport,b14,smf-os2,MS3,1,m,planned
HUL107D/D15,dcim.frontport,13/02,HUL107D/D15,dcim.frontport,b17,smf-os2,MS3,1,m,planned
HUL107D/D15,dcim.frontport,13/03,HUL107D/D15,dcim.frontport,b20,smf-os2,MS3,1,m,planned
HUL107D/D15,dcim.frontport,13/04,HUL107D/D15,dcim.frontport,b23,smf-os2,MS3,1,m,planned
HUL107D/D15,dcim.frontport,14/02,HUL107D/D15,dcim.frontport,a57,smf-os2,MS3,1,m,planned
HUL107D/D15,dcim.frontport,14/03,HUL107D/D15,dcim.frontport,b6,smf-os2,MS3,1,m,planned
HUL107D/D15,dcim.frontport,14/04,HUL107D/D15,dcim.frontport,b9,smf-os2,MS3,1,m,planned
HUL107D/D15,dcim.frontport,15/01,HUL107D/D15,dcim.frontport,b12,smf-os2,MS3,1,m,planned
HUL107D/D15,dcim.frontport,15/02,HUL107D/D15,dcim.frontport,b15,smf-os2,MS3,1,m,planned
HUL107D/D15,dcim.frontport,A73,HUL107D/D15,dcim.frontport,B1,smf-os2,MS3,0,m,connected
HUL107D/D15,dcim.frontport,A74,HUL107D/D15,dcim.frontport,B2,smf-os2,MS3,0,m,connected
HUL107D/D15,dcim.frontport,A75,HUL107D/D15,dcim.frontport,B3,smf-os2,MS3,0,m,connected
HUL107D/D15,dcim.frontport,A76,HUL107D/D15,dcim.frontport,B4,smf-os2,MS3,0,m,connected
HUL107D/D15,dcim.frontport,A77,HUL107D/D15,dcim.frontport,B5,smf-os2,MS3,0,m,connected
HUL107D/D15,dcim.frontport,A78,HUL107D/D15,dcim.frontport,B6,smf-os2,MS3,0,m,connected
HUL107D/D15,dcim.frontport,A79,HUL107D/D15,dcim.frontport,B7,smf-os2,MS3,0,m,connected
HUL107D/D15,dcim.frontport,A80,HUL107D/D15,dcim.frontport,B8,smf-os2,MS3,0,m,connected
HUL107D/D15,dcim.frontport,A81,HUL107D/D15,dcim.frontport,B9,smf-os2,MS3,0,m,connected
HUL107D/D15,dcim.frontport,A82,HUL107D/D15,dcim.frontport,B10,smf-os2,MS3,0,m,connected
HUL107D/D15,dcim.frontport,A83,HUL107D/D15,dcim.frontport,B11,smf-os2,MS3,0,m,connected
HUL107D/D15,dcim.frontport,A84,HUL107D/D15,dcim.frontport,B12,smf-os2,MS3,0,m,connected
HUL107D/D15,dcim.frontport,A85,HUL107D/D15,dcim.frontport,B13,smf-os2,MS3,0,m,connected
HUL107D/D15,dcim.frontport,A86,HUL107D/D15,dcim.frontport,B14,smf-os2,MS3,0,m,connected
HUL107D/D15,dcim.frontport,A87,HUL107D/D15,dcim.frontport,B15,smf-os2,MS3,0,m,connected
HUL107D/D15,dcim.frontport,A88,HUL107D/D15,dcim.frontport,B16,smf-os2,MS3,0,m,connected
HUL107D/D15,dcim.frontport,A89,HUL107D/D15,dcim.frontport,B17,smf-os2,MS3,0,m,connected
HUL107D/D15,dcim.frontport,A90,HUL107D/D15,dcim.frontport,B18,smf-os2,MS3,0,m,connected
HUL107D/D15,dcim.frontport,A91,HUL107D/D15,dcim.frontport,B19,smf-os2,MS3,0,m,connected
HUL107D/D15,dcim.frontport,A92,HUL107D/D15,dcim.frontport,B20,smf-os2,MS3,0,m,connected
HUL107D/D15,dcim.frontport,A93,HUL107D/D15,dcim.frontport,B21,smf-os2,MS3,0,m,connected
HUL107D/D15,dcim.frontport,A94,HUL107D/D15,dcim.frontport,B22,smf-os2,MS3,0,m,connected
HUL107D/D15,dcim.frontport,A95,HUL107D/D15,dcim.frontport,B23,smf-os2,MS3,0,m,connected
HUL107D/D15,dcim.frontport,A96,HUL107D/D15,dcim.frontport,B24,smf-os2,MS3,0,m,connected
HUL107D/D15,dcim.frontport,A97,HUL107D/D15,dcim.frontport,C1,smf-os2,MS3,0,m,connected
HUL107D/D15,dcim.frontport,A98,HUL107D/D15,dcim.frontport,C2,smf-os2,MS3,0,m,connected
HUL107D/D15,dcim.frontport,A99,HUL107D/D15,dcim.frontport,C3,smf-os2,MS3,0,m,connected
HUL107D/D15,dcim.frontport,A100,HUL107D/D15,dcim.frontport,C4,smf-os2,MS3,0,m,connected
HUL107D/D15,dcim.frontport,A101,HUL107D/D15,dcim.frontport,C5,smf-os2,MS3,0,m,connected
HUL107D/D15,dcim.frontport,A102,HUL107D/D15,dcim.frontport,C6,smf-os2,MS3,0,m,connected
HUL107D/D15,dcim.frontport,A103,HUL107D/D15,dcim.frontport,C7,smf-os2,MS3,0,m,connected
HUL107D/D15,dcim.frontport,A104,HUL107D/D15,dcim.frontport,C8,smf-os2,MS3,0,m,connected
HUL107D/D15,dcim.frontport,A105,HUL107D/D15,dcim.frontport,C9,smf-os2,MS3,0,m,connected
HUL107D/D15,dcim.frontport,A106,HUL107D/D15,dcim.frontport,C10,smf-os2,MS3,0,m,connected
HUL107D/D15,dcim.frontport,A107,HUL107D/D15,dcim.frontport,C11,smf-os2,MS3,0,m,connected
HUL107D/D15,dcim.frontport,A108,HUL107D/D15,dcim.frontport,C12,smf-os2,MS3,0,m,connected
HUL107D/D15,dcim.frontport,A109,HUL107D/D15,dcim.frontport,C13,smf-os2,MS3,0,m,connected
HUL107D/D15,dcim.frontport,A110,HUL107D/D15,dcim.frontport,C14,smf-os2,MS3,0,m,connected
HUL107D/D15,dcim.frontport,A111,HUL107D/D15,dcim.frontport,C15,smf-os2,MS3,0,m,connected
HUL107D/D15,dcim.frontport,A112,HUL107D/D15,dcim.frontport,C16,smf-os2,MS3,0,m,connected
HUL107D/D15,dcim.frontport,A113,HUL107D/D15,dcim.frontport,C17,smf-os2,MS3,0,m,connected
HUL107D/D15,dcim.frontport,A114,HUL107D/D15,dcim.frontport,C18,smf-os2,MS3,0,m,connected
HUL107D/D15,dcim.frontport,A115,HUL107D/D15,dcim.frontport,C19,smf-os2,MS3,0,m,connected
HUL107D/D15,dcim.frontport,A116,HUL107D/D15,dcim.frontport,C20,smf-os2,MS3,0,m,connected
HUL107D/D15,dcim.frontport,A117,HUL107D/D15,dcim.frontport,C21,smf-os2,MS3,0,m,connected
HUL107D/D15,dcim.frontport,A118,HUL107D/D15,dcim.frontport,C22,smf-os2,MS3,0,m,connected
HUL107D/D15,dcim.frontport,A119,HUL107D/D15,dcim.frontport,C23,smf-os2,MS3,0,m,connected
HUL107D/D15,dcim.frontport,A120,HUL107D/D15,dcim.frontport,C24,smf-os2,MS3,0,m,connected
HUL107D/D15,dcim.frontport,A49,HUL107D/D15,dcim.rearport,1,smf-os2,MS3,1,m,connected
HUL107D/D15,dcim.frontport,A50,HUL107D/D15,dcim.rearport,2,smf-os2,MS3,1,m,connected
HUL107D/D15,dcim.frontport,A51,HUL107D/D15,dcim.rearport,3,smf-os2,MS3,1,m,connected
HUL107D/D15,dcim.frontport,A52,HUL107D/D15,dcim.rearport,4,smf-os2,MS3,1,m,connected
HUL107D/D15,dcim.frontport,A53,HUL107D/D15,dcim.rearport,5,smf-os2,MS3,1,m,connected
HUL107D/D15,dcim.frontport,A54,HUL107D/D15,dcim.rearport,6,smf-os2,MS3,1,m,connected
HUL107D/D15,dcim.frontport,A55,HUL107D/D15,dcim.rearport,7,smf-os2,MS3,1,m,connected
HUL107D/D15,dcim.frontport,A56,HUL107D/D15,dcim.rearport,8,smf-os2,MS3,1,m,connected
HUL107D/D15,dcim.frontport,A57,HUL107D/D15,dcim.rearport,9,smf-os2,MS3,1,m,planned
HUL107D/D15,dcim.frontport,A58,HUL107D/D15,dcim.rearport,10,smf-os2,MS3,1,m,planned
HUL107D/D15,dcim.frontport,A59,HUL107D/D15,dcim.rearport,11,smf-os2,MS3,1,m,planned
HUL107D/D15,dcim.frontport,A60,HUL107D/D15,dcim.rearport,12,smf-os2,MS3,1,m,planned
HUL107D/D15,dcim.frontport,A61,HUL107D/D15,dcim.rearport,13,smf-os2,MS3,1,m,planned
HUL107D/D15,dcim.frontport,A62,HUL107D/D15,dcim.rearport,14,smf-os2,MS3,1,m,planned
HUL107D/D15,dcim.frontport,A63,HUL107D/D15,dcim.rearport,15,smf-os2,MS3,1,m,planned