side_a_device,side_a_type,side_a_name,side_b_device,side_b_type,side_b_name,type,tenant,length,length_unit,status
HUL107D/D18,dcim.frontport,A1,HUL107D/D18,dcim.rearport,1,smf-os2,MS3,1,m,connected
HUL107D/D18,dcim.frontport,A2,HUL107D/D18,dcim.rearport,2,smf-os2,MS3,1,m,connected
HUL107D/D18,dcim.frontport,A3,HUL107D/D18,dcim.rearport,3,smf-os2,MS3,1,m,connected
HUL107D/D18,dcim.frontport,A4,HUL107D/D18,dcim.rearport,4,smf-os2,MS3,1,m,connected
HUL107D/D18,dcim.frontport,A5,HUL107D/D18,dcim.rearport,5,smf-os2,MS3,1,m,connected
HUL107D/D18,dcim.frontport,A6,HUL107D/D18,dcim.rearport,6,smf-os2,MS3,1,m,connected
HUL107D/D18,dcim.frontport,A7,HUL107D/D18,dcim.rearport,7,smf-os2,MS3,1,m,planned
HUL107D/D18,dcim.frontport,A8,HUL107D/D18,dcim.rearport,8,smf-os2,MS3,1,m,planned
HUL107D/D18,dcim.frontport,A9,HUL107D/D18,dcim.rearport,9,smf-os2,MS3,1,m,planned
HUL107D/D18,dcim.frontport,A10,HUL107D/D18,dcim.rearport,10,smf-os2,MS3,1,m,planned
HUL107D/D18,dcim.frontport,A11,HUL107D/D18,dcim.rearport,11,smf-os2,MS3,1,m,planned
HUL107D/D18,dcim.frontport,A12,HUL107D/D18,dcim.rearport,12,smf-os2,MS3,1,m,planned
HUL107D/D18,dcim.frontport,A13,HUL107D/D18,dcim.rearport,13,smf-os2,MS3,1,m,planned
HUL107D/D18,dcim.frontport,A14,HUL107D/D18,dcim.rearport,14,smf-os2,MS3,1,m,planned
HUL107D/D18,dcim.frontport,01/01,HUL107D/D18,dcim.frontport,a1,smf-os2,MS3,1,m,connected
HUL107D/D18,dcim.frontport,01/02,HUL107D/D18,dcim.frontport,a4,smf-os2,MS3,1,m,connected
HUL107D/D18,dcim.frontport,01/03,HUL107D/D18,dcim.frontport,a7,smf-os2,MS3,1,m,connected
HUL107D/D18,dcim.frontport,01/04,HUL107D/D18,dcim.frontport,a10,smf-os2,MS3,1,m,connected
HUL107D/D18,dcim.frontport,02/01,HUL107D/D18,dcim.frontport,a13,smf-os2,MS3,1,m,connected
HUL107D/D18,dcim.frontport,02/02,HUL107D/D18,dcim.frontport,a16,smf-os2,MS3,1,m,connected
HUL107D/D18,dcim.frontport,02/03,HUL107D/D18,dcim.frontport,a19,smf-os2,MS3,1,m,connected
HUL107D/D18,dcim.frontport,02/04,HUL107D/D18,dcim.frontport,a22,smf-os2,MS3,1,m,connected
HUL107D/D18,dcim.frontport,03/01,HUL107D/D18,dcim.frontport,a25,smf-os2,MS3,1,m,connected
HUL107D/D18,dcim.frontport,03/02,HUL107D/D18,dcim.frontport,b1,smf-os2,MS3,1,m,connected
HUL107D/D18,dcim.frontport,03/03,HUL107D/D18,dcim.frontport,b7,smf-os2,MS3,1,m,connected
HUL107D/D18,dcim.frontport,03/04,HUL107D/D18,dcim.frontport,b10,smf-os2,MS3,1,m,connected
HUL107D/D18,dcim.frontport,04/01,HUL107D/D18,dcim.frontport,b4,smf-os2,MS3,1,m,connected
HUL107D/D18,dcim.frontport,04/02,HUL107D/D18,dcim.frontport,c13,smf-os2,MS3,1,m,connected
HUL107D/D18,dcim.frontport,04/03,HUL107D/D18,dcim.frontport,c16,smf-os2,MS3,1,m,connected
HUL107D/D18,dcim.frontport,04/04,HUL107D/D18,dcim.frontport,c19,smf-os2,MS3,1,m,connected
HUL107D/D18,dcim.frontport,05/01,HUL107D/D18,dcim.frontport,c1,smf-os2,MS3,1,m,connected
HUL107D/D18,dcim.frontport,05/02,HUL107D/D18,dcim.frontport,c4,smf-os2,MS3,1,m,connected
HUL107D/D18,dcim.frontport,05/03,HUL107D/D18,dcim.frontport,c7,smf-os2,MS3,1,m,connected
HUL107D/D18,dcim.frontport,05/04,HUL107D/D18,dcim.frontport,c10,smf-os2,MS3,1,m,connected
HUL107D/D18,dcim.frontport,06/01,HUL107D/D18,dcim.frontport,d1,smf-os2,MS3,1,m,connected
HUL107D/D18,dcim.frontport,06/02,HUL107D/D18,dcim.frontport,d4,smf-os2,MS3,1,m,connected
HUL107D/D18,dcim.frontport,06/03,HUL107D/D18,dcim.frontport,d7,smf-os2,MS3,1,m,connected
HUL107D/D18,dcim.frontport,06/04,HUL107D/D18,dcim.frontport,a2,smf-os2,MS3,1,m,planned
HUL107D/D18,dcim.frontport,07/01,HUL107D/D18,dcim.frontport,a5,smf-os2,MS3,1,m,planned
HUL107D/D18,dcim.frontport,07/02,HUL107D/D18,dcim.frontport,a8,smf-os2,MS3,1,m,planned
HUL107D/D18,dcim.frontport,07/03,HUL107D/D18,dcim.frontport,a11,smf-os2,MS3,1,m,planned
HUL107D/D18,dcim.frontport,07/04,HUL107D/D18,dcim.frontport,a14,smf-os2,MS3,1,m,planned
HUL107D/D18,dcim.frontport,08/01,HUL107D/D18,dcim.frontport,a17,smf-os2,MS3,1,m,planned
HUL107D/D18,dcim.frontport,08/02,HUL107D/D18,dcim.frontport,a20,smf-os2,MS3,1,m,planned
HUL107D/D18,dcim.frontport,08/03,HUL107D/D18,dcim.frontport,a23,smf-os2,MS3,1,m,planned
HUL107D/D18,dcim.frontport,08/04,HUL107D/D18,dcim.frontport,a26,smf-os2,MS3,1,m,planned
HUL107D/D18,dcim.frontport,09/01,HUL107D/D18,dcim.frontport,b2,smf-os2,MS3,1,m,planned
HUL107D/D18,dcim.frontport,09/02,HUL107D/D18,dcim.frontport,b8,smf-os2,MS3,1,m,planned
HUL107D/D18,dcim.frontport,09/03,HUL107D/D18,dcim.frontport,b11,smf-os2,MS3,1,m,planned
HUL107D/D18,dcim.frontport,09/04,HUL107D/D18,dcim.frontport,b5,smf-os2,MS3,1,m,planned
HUL107D/D18,dcim.frontport,10/01,HUL107D/D18,dcim.frontport,c14,smf-os2,MS3,1,m,planned
HUL107D/D18,dcim.frontport,10/02,HUL107D/D18,dcim.frontport,c17,smf-os2,MS3,1,m,planned
HUL107D/D18,dcim.frontport,10/03,HUL107D/D18,dcim.frontport,c20,smf-os2,MS3,1,m,planned
HUL107D/D18,dcim.frontport,10/04,HUL107D/D18,dcim.frontport,c2,smf-os2,MS3,1,m,planned
HUL107D/D18,dcim.frontport,11/01,HUL107D/D18,dcim.frontport,c5,smf-os2,MS3,1,m,planned
HUL107D/D18,dcim.frontport,11/02,HUL107D/D18,dcim.frontport,c8,smf-os2,MS3,1,m,planned
HUL107D/D18,dcim.frontport,11/03,HUL107D/D18,dcim.frontport,c11,smf-os2,MS3,1,m,planned
HUL107D/D18,dcim.frontport,11/04,HUL107D/D18,dcim.frontport,d2,smf-os2,MS3,1,m,planned
HUL107D/D18,dcim.frontport,12/01,HUL107D/D18,dcim.frontport,a18,smf-os2,MS3,1,m,planned
HUL107D/D18,dcim.frontport,12/02,HUL107D/D18,dcim.frontport,a27,smf-os2,MS3,1,m,planned
HUL107D/D18,dcim.frontport,12/03,HUL107D/D18,dcim.frontport,b9,smf-os2,MS3,1,m,planned
HUL107D/D18,dcim.frontport,12/04,HUL107D/D18,dcim.frontport,b12,smf-os2,MS3,1,m,planned
HUL107D/D18,dcim.frontport,13/01,HUL107D/D18,dcim.frontport,b6,smf-os2,MS3,1,m,planned
HUL107D/D18,dcim.frontport,13/02,HUL107D/D18,dcim.frontport,c15,smf-os2,MS3,1,m,planned
HUL107D/D18,dcim.frontport,13/03,HUL107D/D18,dcim.frontport,c18,smf-os2,MS3,1,m,planned
HUL107D/D18,dcim.frontport,13/04,HUL107D/D18,dcim.frontport,c3,smf-os2,MS3,1,m,planned
HUL107D/D18,dcim.frontport,14/01,HUL107D/D18,dcim.frontport,c9,smf-os2,MS3,1,m,planned
HUL107D/D18,dcim.frontport,14/02,HUL107D/D18,dcim.frontport,d3,smf-os2,MS3,1,m,planned
HUL107D/D18,dcim.frontport,14/03,HUL107D/D18,dcim.frontport,a28,smf-os2,MS3,1,m,planned
HUL107D/D18,dcim.frontport,14/04,HUL107D/D18,dcim.frontport,a29,smf-os2,MS3,1,m,planned