side_a_device,side_a_type,side_a_name,side_b_device,side_b_type,side_b_name,type,tenant,length,length_unit,status
EAS102A,dcim.rearport,A,EAS102A/S01,dcim.rearport,A,smf-os2,MS3,,m,connected
EAS102A/D04,dcim.rearport,B,EAS102A/D05,dcim.rearport,A,smf-os2,MS3,,m,connected
EAS102A/S01,dcim.rearport,B,EAS102A/D01,dcim.rearport,A,smf-os2,MS3,,m,connected
EAS102A/S01,dcim.rearport,C,EAS102A/D02,dcim.rearport,A,smf-os2,MS3,,m,connected
EAS102A/S01,dcim.rearport,D,EAS102A/D03,dcim.rearport,A,smf-os2,MS3,,m,connected
EAS102A/S01,dcim.rearport,E,EAS102A/D04,dcim.rearport,A,smf-os2,MS3,,m,connected
EAS102B,dcim.rearport,A,EAS102B/D06,dcim.rearport,A,smf-os2,MS3,,m,connected
EAS102B/D06,dcim.rearport,B,EAS102B/S02,dcim.rearport,A,smf-os2,MS3,,m,connected
EAS102B/D07,dcim.rearport,B,EAS102B/D08,dcim.rearport,A,smf-os2,MS3,,m,connected
EAS102B/D09,dcim.rearport,B,EAS102B/D10,dcim.rearport,A,smf-os2,MS3,,m,connected
EAS102B/S02,dcim.rearport,B,EAS102B/D07,dcim.rearport,A,smf-os2,MS3,,m,connected
EAS102B/S02,dcim.rearport,C,EAS102B/D09,dcim.rearport,A,smf-os2,MS3,,m,connected
EAS102C,dcim.rearport,A,EAS102C/D11,dcim.rearport,A,smf-os2,MS3,,m,connected
EAS102C/D11,dcim.rearport,B,EAS102C/D12,dcim.rearport,A,smf-os2,MS3,,m,connected
EAS102C/D11,dcim.rearport,C,EAS102C/D13,dcim.rearport,A,smf-os2,MS3,,m,connected
EAS102C/D13,dcim.rearport,B,EAS102C/D14,dcim.rearport,A,smf-os2,MS3,,m,connected
EAS102D,dcim.rearport,A,EAS102D/S03,dcim.rearport,A,smf-os2,MS3,,m,connected
EAS102D/D15,dcim.rearport,B,EAS102D/D16,dcim.rearport,A,smf-os2,MS3,,m,connected
EAS102D/D17,dcim.rearport,B,EAS102D/D18,dcim.rearport,A,smf-os2,MS3,,m,connected
EAS102D/S03,dcim.rearport,B,EAS102D/D15,dcim.rearport,A,smf-os2,MS3,,m,connected
EAS102D/S03,dcim.rearport,C,EAS102D/D17,dcim.rearport,A,smf-os2,MS3,,m,connected
EAS102E,dcim.rearport,A,EAS102E/D19,dcim.rearport,A,smf-os2,MS3,,m,connected
EAS102F,dcim.rearport,A,EAS102F/S04,dcim.rearport,A,smf-os2,MS3,,m,connected
EAS102F/S04,dcim.rearport,B,EAS102F/S05,dcim.rearport,A,smf-os2,MS3,,m,connected
EAS102F/S05,dcim.rearport,B,EAS102F/D20,dcim.rearport,A,smf-os2,MS3,,m,connected
